KM204119	strain	Hawaii # from GenBank record, DENV1 WHO reference
KM204118	strain	New_Guinea_C # from GenBank record, DENV2 WHO reference
KU050695	strain	H87 # from GenBank record, DENV3 WHO reference
KR011349	strain	H241 # from GenBank record, DENV4 WHO reference
JF260983	ncbi_serotype	denv2 # denv2/S from GenBank record and sequence aligns closest to KM204118 DENV2 WHO reference
KT026309	ncbi_serotype	denv4 # denv4 from GenBank record and sequence aligns closest to KR011349 DENV4 WHO reference
KT445955	ncbi_serotype	denv1 # denv1 from GenBank record and sequence aligns closest to KM204119 DENV1 WHO reference
KT445956	ncbi_serotype	denv1 # denv1 from GenBank record and sequence aligns closest to KM204119 DENV1 WHO reference
KT445957	ncbi_serotype	denv1 # denv1 from GenBank record and sequence aligns closest to KM204119 DENV1 WHO reference
KT445958	ncbi_serotype	denv1 # denv1 from GenBank record and sequence aligns closest to KM204119 DENV1 WHO reference
KT445959	ncbi_serotype	denv1 # denv1 from GenBank record and sequence aligns closest to KM204119 DENV1 WHO reference
KT445960	ncbi_serotype	denv1 # denv1 from GenBank record and sequence aligns closest to KM204119 DENV1 WHO reference
KT445961	ncbi_serotype	denv1 # denv1 from GenBank record and sequence aligns closest to KM204119 DENV1 WHO reference
KT445962	ncbi_serotype	denv1 # denv1 from GenBank record and sequence aligns closest to KM204119 DENV1 WHO reference
KT445963	ncbi_serotype	denv1 # denv1 from GenBank record and sequence aligns closest to KM204119 DENV1 WHO reference
KX059015	ncbi_serotype	denv4 # denv4 from GenBank record and sequence aligns closest to KR011349 DENV4 WHO reference
KX059016	ncbi_serotype	denv4 # denv4 from GenBank record and sequence aligns closest to KR011349 DENV4 WHO reference
KX059017	ncbi_serotype	denv4 # denv4 from GenBank record and sequence aligns closest to KR011349 DENV4 WHO reference
KX059019	ncbi_serotype	denv4 # denv4 from GenBank record and sequence aligns closest to KR011349 DENV4 WHO reference
KX059021	ncbi_serotype	denv4 # denv4 from GenBank record and sequence aligns closest to KR011349 DENV4 WHO reference
KX059022	ncbi_serotype	denv4 # denv4 from GenBank record and sequence aligns closest to KR011349 DENV4 WHO reference
KX059024	ncbi_serotype	denv4 # denv4 from GenBank record and sequence aligns closest to KR011349 DENV4 WHO reference
KX059025	ncbi_serotype	denv4 # denv4 from GenBank record and sequence aligns closest to KR011349 DENV4 WHO reference
KX059028	ncbi_serotype	denv4 # denv4 from GenBank record and sequence aligns closest to KR011349 DENV4 WHO reference
KX059029	ncbi_serotype	denv4 # denv4 from GenBank record and sequence aligns closest to KR011349 DENV4 WHO reference
KX059030	ncbi_serotype	denv4 # denv4 from GenBank record and sequence aligns closest to KR011349 DENV4 WHO reference
KX059033	ncbi_serotype	denv4 # denv4 from GenBank record and sequence aligns closest to KR011349 DENV4 WHO reference
KX059037	ncbi_serotype	denv4 # denv4 from GenBank record and sequence aligns closest to KR011349 DENV4 WHO reference
KY369949	ncbi_serotype	denv1 # denv1 from GenBank record and sequence aligns closest to KM204119 DENV1 WHO reference
KY369950	ncbi_serotype	denv4 # denv4 from GenBank record and sequence aligns closest to KR011349 DENV4 WHO reference
KY369951	ncbi_serotype	denv4 # denv4 from GenBank record and sequence aligns closest to KR011349 DENV4 WHO reference
KY586306	ncbi_serotype	denv1 # denv1 from GenBank record and sequence aligns closest to KM204119 DENV1 WHO reference
KY586307	ncbi_serotype	denv1 # denv1 from GenBank record and sequence aligns closest to KM204119 DENV1 WHO reference
KY586308	ncbi_serotype	denv1 # denv1 from GenBank record and sequence aligns closest to KM204119 DENV1 WHO reference
KY586309	ncbi_serotype	denv1 # denv1 from GenBank record and sequence aligns closest to KM204119 DENV1 WHO reference
KY586310	ncbi_serotype	denv1 # denv1 from GenBank record and sequence aligns closest to KM204119 DENV1 WHO reference
KY586311	ncbi_serotype	denv1 # denv1 from GenBank record and sequence aligns closest to KM204119 DENV1 WHO reference
KY586312	ncbi_serotype	denv1 # denv1 from GenBank record and sequence aligns closest to KM204119 DENV1 WHO reference
KY586313	ncbi_serotype	denv1 # denv1 from GenBank record and sequence aligns closest to KM204119 DENV1 WHO reference
KY586314	ncbi_serotype	denv1 # denv1 from GenBank record and sequence aligns closest to KM204119 DENV1 WHO reference
KY586315	ncbi_serotype	denv1 # denv1 from GenBank record and sequence aligns closest to KM204119 DENV1 WHO reference
KY586316	ncbi_serotype	denv1 # denv1 from GenBank record and sequence aligns closest to KM204119 DENV1 WHO reference
KY586317	ncbi_serotype	denv1 # denv1 from GenBank record and sequence aligns closest to KM204119 DENV1 WHO reference
KY586318	ncbi_serotype	denv1 # denv1 from GenBank record and sequence aligns closest to KM204119 DENV1 WHO reference
KY586319	ncbi_serotype	denv1 # denv1 from GenBank record and sequence aligns closest to KM204119 DENV1 WHO reference
KY586320	ncbi_serotype	denv1 # denv1 from GenBank record and sequence aligns closest to KM204119 DENV1 WHO reference
KY586321	ncbi_serotype	denv1 # denv1 from GenBank record and sequence aligns closest to KM204119 DENV1 WHO reference
KY586322	ncbi_serotype	denv1 # denv1 from GenBank record and sequence aligns closest to KM204119 DENV1 WHO reference
KY586323	ncbi_serotype	denv1 # denv1 from GenBank record and sequence aligns closest to KM204119 DENV1 WHO reference
KY586324	ncbi_serotype	denv1 # denv1 from GenBank record and sequence aligns closest to KM204119 DENV1 WHO reference
KY586325	ncbi_serotype	denv1 # denv1 from GenBank record and sequence aligns closest to KM204119 DENV1 WHO reference
KY586326	ncbi_serotype	denv1 # denv1 from GenBank record and sequence aligns closest to KM204119 DENV1 WHO reference
KY586327	ncbi_serotype	denv1 # denv1 from GenBank record and sequence aligns closest to KM204119 DENV1 WHO reference
KY586328	ncbi_serotype	denv1 # denv1 from GenBank record and sequence aligns closest to KM204119 DENV1 WHO reference
KY586329	ncbi_serotype	denv1 # denv1 from GenBank record and sequence aligns closest to KM204119 DENV1 WHO reference
KY586330	ncbi_serotype	denv1 # denv1 from GenBank record and sequence aligns closest to KM204119 DENV1 WHO reference
KY586331	ncbi_serotype	denv1 # denv1 from GenBank record and sequence aligns closest to KM204119 DENV1 WHO reference
KY586332	ncbi_serotype	denv1 # denv1 from GenBank record and sequence aligns closest to KM204119 DENV1 WHO reference
KY586333	ncbi_serotype	denv1 # denv1 from GenBank record and sequence aligns closest to KM204119 DENV1 WHO reference
KY586334	ncbi_serotype	denv1 # denv1 from GenBank record and sequence aligns closest to KM204119 DENV1 WHO reference
KY586335	ncbi_serotype	denv1 # denv1 from GenBank record and sequence aligns closest to KM204119 DENV1 WHO reference
KY586336	ncbi_serotype	denv1 # denv1 from GenBank record and sequence aligns closest to KM204119 DENV1 WHO reference
KY586337	ncbi_serotype	denv1 # denv1 from GenBank record and sequence aligns closest to KM204119 DENV1 WHO reference
KY586338	ncbi_serotype	denv1 # denv1 from GenBank record and sequence aligns closest to KM204119 DENV1 WHO reference
KY586339	ncbi_serotype	denv1 # denv1 from GenBank record and sequence aligns closest to KM204119 DENV1 WHO reference
KY586340	ncbi_serotype	denv1 # denv1 from GenBank record and sequence aligns closest to KM204119 DENV1 WHO reference
KY586341	ncbi_serotype	denv1 # denv1 from GenBank record and sequence aligns closest to KM204119 DENV1 WHO reference
KY586342	ncbi_serotype	denv1 # denv1 from GenBank record and sequence aligns closest to KM204119 DENV1 WHO reference
KY586343	ncbi_serotype	denv1 # denv1 from GenBank record and sequence aligns closest to KM204119 DENV1 WHO reference
KY586344	ncbi_serotype	denv1 # denv1 from GenBank record and sequence aligns closest to KM204119 DENV1 WHO reference
KY586345	ncbi_serotype	denv1 # denv1 from GenBank record and sequence aligns closest to KM204119 DENV1 WHO reference
KY586346	ncbi_serotype	denv1 # denv1 from GenBank record and sequence aligns closest to KM204119 DENV1 WHO reference
KY586347	ncbi_serotype	denv1 # denv1 from GenBank record and sequence aligns closest to KM204119 DENV1 WHO reference
KY586348	ncbi_serotype	denv1 # denv1 from GenBank record and sequence aligns closest to KM204119 DENV1 WHO reference
KY586349	ncbi_serotype	denv1 # denv1 from GenBank record and sequence aligns closest to KM204119 DENV1 WHO reference
KY586350	ncbi_serotype	denv1 # denv1 from GenBank record and sequence aligns closest to KM204119 DENV1 WHO reference
KY586351	ncbi_serotype	denv1 # denv1 from GenBank record and sequence aligns closest to KM204119 DENV1 WHO reference
KY586352	ncbi_serotype	denv1 # denv1 from GenBank record and sequence aligns closest to KM204119 DENV1 WHO reference
KY586353	ncbi_serotype	denv1 # denv1 from GenBank record and sequence aligns closest to KM204119 DENV1 WHO reference
KY586354	ncbi_serotype	denv1 # denv1 from GenBank record and sequence aligns closest to KM204119 DENV1 WHO reference
KY586355	ncbi_serotype	denv1 # denv1 from GenBank record and sequence aligns closest to KM204119 DENV1 WHO reference
KY586356	ncbi_serotype	denv1 # denv1 from GenBank record and sequence aligns closest to KM204119 DENV1 WHO reference
KY586357	ncbi_serotype	denv1 # denv1 from GenBank record and sequence aligns closest to KM204119 DENV1 WHO reference
KY586358	ncbi_serotype	denv1 # denv1 from GenBank record and sequence aligns closest to KM204119 DENV1 WHO reference
KY586359	ncbi_serotype	denv1 # denv1 from GenBank record and sequence aligns closest to KM204119 DENV1 WHO reference
KY586360	ncbi_serotype	denv1 # denv1 from GenBank record and sequence aligns closest to KM204119 DENV1 WHO reference
KY586361	ncbi_serotype	denv1 # denv1 from GenBank record and sequence aligns closest to KM204119 DENV1 WHO reference
KY586362	ncbi_serotype	denv1 # denv1 from GenBank record and sequence aligns closest to KM204119 DENV1 WHO reference
KY586363	ncbi_serotype	denv1 # denv1 from GenBank record and sequence aligns closest to KM204119 DENV1 WHO reference
KY586364	ncbi_serotype	denv1 # denv1 from GenBank record and sequence aligns closest to KM204119 DENV1 WHO reference
KY586365	ncbi_serotype	denv1 # denv1 from GenBank record and sequence aligns closest to KM204119 DENV1 WHO reference
KY586366	ncbi_serotype	denv1 # denv1 from GenBank record and sequence aligns closest to KM204119 DENV1 WHO reference
KY586367	ncbi_serotype	denv1 # denv1 from GenBank record and sequence aligns closest to KM204119 DENV1 WHO reference
KY586368	ncbi_serotype	denv1 # denv1 from GenBank record and sequence aligns closest to KM204119 DENV1 WHO reference
KY586369	ncbi_serotype	denv1 # denv1 from GenBank record and sequence aligns closest to KM204119 DENV1 WHO reference
KY586370	ncbi_serotype	denv1 # denv1 from GenBank record and sequence aligns closest to KM204119 DENV1 WHO reference
KY586371	ncbi_serotype	denv1 # denv1 from GenBank record and sequence aligns closest to KM204119 DENV1 WHO reference
KY586372	ncbi_serotype	denv1 # denv1 from GenBank record and sequence aligns closest to KM204119 DENV1 WHO reference
KY586373	ncbi_serotype	denv1 # denv1 from GenBank record and sequence aligns closest to KM204119 DENV1 WHO reference
KY586374	ncbi_serotype	denv1 # denv1 from GenBank record and sequence aligns closest to KM204119 DENV1 WHO reference
KY586375	ncbi_serotype	denv1 # denv1 from GenBank record and sequence aligns closest to KM204119 DENV1 WHO reference
KY586376	ncbi_serotype	denv1 # denv1 from GenBank record and sequence aligns closest to KM204119 DENV1 WHO reference
KY586377	ncbi_serotype	denv1 # denv1 from GenBank record and sequence aligns closest to KM204119 DENV1 WHO reference
KY586378	ncbi_serotype	denv1 # denv1 from GenBank record and sequence aligns closest to KM204119 DENV1 WHO reference
KY586379	ncbi_serotype	denv1 # denv1 from GenBank record and sequence aligns closest to KM204119 DENV1 WHO reference
KY586380	ncbi_serotype	denv1 # denv1 from GenBank record and sequence aligns closest to KM204119 DENV1 WHO reference
KY586381	ncbi_serotype	denv1 # denv1 from GenBank record and sequence aligns closest to KM204119 DENV1 WHO reference
KY586382	ncbi_serotype	denv1 # denv1 from GenBank record and sequence aligns closest to KM204119 DENV1 WHO reference
KY586383	ncbi_serotype	denv1 # denv1 from GenBank record and sequence aligns closest to KM204119 DENV1 WHO reference
KY586384	ncbi_serotype	denv1 # denv1 from GenBank record and sequence aligns closest to KM204119 DENV1 WHO reference
KY586385	ncbi_serotype	denv1 # denv1 from GenBank record and sequence aligns closest to KM204119 DENV1 WHO reference
KY586386	ncbi_serotype	denv1 # denv1 from GenBank record and sequence aligns closest to KM204119 DENV1 WHO reference
KY586387	ncbi_serotype	denv1 # denv1 from GenBank record and sequence aligns closest to KM204119 DENV1 WHO reference
KY586388	ncbi_serotype	denv1 # denv1 from GenBank record and sequence aligns closest to KM204119 DENV1 WHO reference
KY586389	ncbi_serotype	denv1 # denv1 from GenBank record and sequence aligns closest to KM204119 DENV1 WHO reference
KY586390	ncbi_serotype	denv1 # denv1 from GenBank record and sequence aligns closest to KM204119 DENV1 WHO reference
KY586391	ncbi_serotype	denv1 # denv1 from GenBank record and sequence aligns closest to KM204119 DENV1 WHO reference
KY586392	ncbi_serotype	denv1 # denv1 from GenBank record and sequence aligns closest to KM204119 DENV1 WHO reference
KY586393	ncbi_serotype	denv1 # denv1 from GenBank record and sequence aligns closest to KM204119 DENV1 WHO reference
KY586394	ncbi_serotype	denv1 # denv1 from GenBank record and sequence aligns closest to KM204119 DENV1 WHO reference
KY586395	ncbi_serotype	denv1 # denv1 from GenBank record and sequence aligns closest to KM204119 DENV1 WHO reference
KY586396	ncbi_serotype	denv1 # denv1 from GenBank record and sequence aligns closest to KM204119 DENV1 WHO reference
KY586397	ncbi_serotype	denv1 # denv1 from GenBank record and sequence aligns closest to KM204119 DENV1 WHO reference
KY586398	ncbi_serotype	denv1 # denv1 from GenBank record and sequence aligns closest to KM204119 DENV1 WHO reference
KY586399	ncbi_serotype	denv1 # denv1 from GenBank record and sequence aligns closest to KM204119 DENV1 WHO reference
KY586400	ncbi_serotype	denv1 # denv1 from GenBank record and sequence aligns closest to KM204119 DENV1 WHO reference
KY586401	ncbi_serotype	denv1 # denv1 from GenBank record and sequence aligns closest to KM204119 DENV1 WHO reference
KY586402	ncbi_serotype	denv1 # denv1 from GenBank record and sequence aligns closest to KM204119 DENV1 WHO reference
KY586403	ncbi_serotype	denv1 # denv1 from GenBank record and sequence aligns closest to KM204119 DENV1 WHO reference
KY586404	ncbi_serotype	denv1 # denv1 from GenBank record and sequence aligns closest to KM204119 DENV1 WHO reference
KY586405	ncbi_serotype	denv1 # denv1 from GenBank record and sequence aligns closest to KM204119 DENV1 WHO reference
KY586406	ncbi_serotype	denv1 # denv1 from GenBank record and sequence aligns closest to KM204119 DENV1 WHO reference
KY586407	ncbi_serotype	denv1 # denv1 from GenBank record and sequence aligns closest to KM204119 DENV1 WHO reference
KY586408	ncbi_serotype	denv1 # denv1 from GenBank record and sequence aligns closest to KM204119 DENV1 WHO reference
KY586409	ncbi_serotype	denv1 # denv1 from GenBank record and sequence aligns closest to KM204119 DENV1 WHO reference
KY586410	ncbi_serotype	denv1 # denv1 from GenBank record and sequence aligns closest to KM204119 DENV1 WHO reference
KY586411	ncbi_serotype	denv1 # denv1 from GenBank record and sequence aligns closest to KM204119 DENV1 WHO reference
KY586412	ncbi_serotype	denv1 # denv1 from GenBank record and sequence aligns closest to KM204119 DENV1 WHO reference
KY586413	ncbi_serotype	denv1 # denv1 from GenBank record and sequence aligns closest to KM204119 DENV1 WHO reference
KY586414	ncbi_serotype	denv1 # denv1 from GenBank record and sequence aligns closest to KM204119 DENV1 WHO reference
KY586415	ncbi_serotype	denv1 # denv1 from GenBank record and sequence aligns closest to KM204119 DENV1 WHO reference
KY586416	ncbi_serotype	denv1 # denv1 from GenBank record and sequence aligns closest to KM204119 DENV1 WHO reference
KY586417	ncbi_serotype	denv1 # denv1 from GenBank record and sequence aligns closest to KM204119 DENV1 WHO reference
KY586418	ncbi_serotype	denv1 # denv1 from GenBank record and sequence aligns closest to KM204119 DENV1 WHO reference
KY586419	ncbi_serotype	denv1 # denv1 from GenBank record and sequence aligns closest to KM204119 DENV1 WHO reference
KY586420	ncbi_serotype	denv1 # denv1 from GenBank record and sequence aligns closest to KM204119 DENV1 WHO reference
KY586421	ncbi_serotype	denv1 # denv1 from GenBank record and sequence aligns closest to KM204119 DENV1 WHO reference
KY586422	ncbi_serotype	denv1 # denv1 from GenBank record and sequence aligns closest to KM204119 DENV1 WHO reference
KY586423	ncbi_serotype	denv1 # denv1 from GenBank record and sequence aligns closest to KM204119 DENV1 WHO reference
KY586424	ncbi_serotype	denv1 # denv1 from GenBank record and sequence aligns closest to KM204119 DENV1 WHO reference
KY586425	ncbi_serotype	denv1 # denv1 from GenBank record and sequence aligns closest to KM204119 DENV1 WHO reference
KY586426	ncbi_serotype	denv1 # denv1 from GenBank record and sequence aligns closest to KM204119 DENV1 WHO reference
KY586427	ncbi_serotype	denv1 # denv1 from GenBank record and sequence aligns closest to KM204119 DENV1 WHO reference
KY586428	ncbi_serotype	denv1 # denv1 from GenBank record and sequence aligns closest to KM204119 DENV1 WHO reference
KY586429	ncbi_serotype	denv1 # denv1 from GenBank record and sequence aligns closest to KM204119 DENV1 WHO reference
KY586430	ncbi_serotype	denv1 # denv1 from GenBank record and sequence aligns closest to KM204119 DENV1 WHO reference
KY586431	ncbi_serotype	denv1 # denv1 from GenBank record and sequence aligns closest to KM204119 DENV1 WHO reference
KY586432	ncbi_serotype	denv1 # denv1 from GenBank record and sequence aligns closest to KM204119 DENV1 WHO reference
KY586433	ncbi_serotype	denv1 # denv1 from GenBank record and sequence aligns closest to KM204119 DENV1 WHO reference
KY586434	ncbi_serotype	denv1 # denv1 from GenBank record and sequence aligns closest to KM204119 DENV1 WHO reference
KY586435	ncbi_serotype	denv1 # denv1 from GenBank record and sequence aligns closest to KM204119 DENV1 WHO reference
KY586436	ncbi_serotype	denv1 # denv1 from GenBank record and sequence aligns closest to KM204119 DENV1 WHO reference
KY586437	ncbi_serotype	denv1 # denv1 from GenBank record and sequence aligns closest to KM204119 DENV1 WHO reference
KY586438	ncbi_serotype	denv1 # denv1 from GenBank record and sequence aligns closest to KM204119 DENV1 WHO reference
KY586439	ncbi_serotype	denv1 # denv1 from GenBank record and sequence aligns closest to KM204119 DENV1 WHO reference
KY586440	ncbi_serotype	denv1 # denv1 from GenBank record and sequence aligns closest to KM204119 DENV1 WHO reference
KY586441	ncbi_serotype	denv1 # denv1 from GenBank record and sequence aligns closest to KM204119 DENV1 WHO reference
KY586442	ncbi_serotype	denv1 # denv1 from GenBank record and sequence aligns closest to KM204119 DENV1 WHO reference
KY586443	ncbi_serotype	denv1 # denv1 from GenBank record and sequence aligns closest to KM204119 DENV1 WHO reference
KY586444	ncbi_serotype	denv1 # denv1 from GenBank record and sequence aligns closest to KM204119 DENV1 WHO reference
KY586445	ncbi_serotype	denv1 # denv1 from GenBank record and sequence aligns closest to KM204119 DENV1 WHO reference
KY586446	ncbi_serotype	denv1 # denv1 from GenBank record and sequence aligns closest to KM204119 DENV1 WHO reference
KY586447	ncbi_serotype	denv1 # denv1 from GenBank record and sequence aligns closest to KM204119 DENV1 WHO reference
KY586448	ncbi_serotype	denv1 # denv1 from GenBank record and sequence aligns closest to KM204119 DENV1 WHO reference
KY586449	ncbi_serotype	denv1 # denv1 from GenBank record and sequence aligns closest to KM204119 DENV1 WHO reference
KY586450	ncbi_serotype	denv1 # denv1 from GenBank record and sequence aligns closest to KM204119 DENV1 WHO reference
KY586451	ncbi_serotype	denv1 # denv1 from GenBank record and sequence aligns closest to KM204119 DENV1 WHO reference
KY586452	ncbi_serotype	denv1 # denv1 from GenBank record and sequence aligns closest to KM204119 DENV1 WHO reference
KY586453	ncbi_serotype	denv1 # denv1 from GenBank record and sequence aligns closest to KM204119 DENV1 WHO reference
KY586454	ncbi_serotype	denv1 # denv1 from GenBank record and sequence aligns closest to KM204119 DENV1 WHO reference
KY586455	ncbi_serotype	denv1 # denv1 from GenBank record and sequence aligns closest to KM204119 DENV1 WHO reference
KY586456	ncbi_serotype	denv1 # denv1 from GenBank record and sequence aligns closest to KM204119 DENV1 WHO reference
KY586457	ncbi_serotype	denv1 # denv1 from GenBank record and sequence aligns closest to KM204119 DENV1 WHO reference
KY586458	ncbi_serotype	denv1 # denv1 from GenBank record and sequence aligns closest to KM204119 DENV1 WHO reference
KY586459	ncbi_serotype	denv1 # denv1 from GenBank record and sequence aligns closest to KM204119 DENV1 WHO reference
KY586460	ncbi_serotype	denv1 # denv1 from GenBank record and sequence aligns closest to KM204119 DENV1 WHO reference
KY586461	ncbi_serotype	denv1 # denv1 from GenBank record and sequence aligns closest to KM204119 DENV1 WHO reference
KY586462	ncbi_serotype	denv1 # denv1 from GenBank record and sequence aligns closest to KM204119 DENV1 WHO reference
KY586463	ncbi_serotype	denv1 # denv1 from GenBank record and sequence aligns closest to KM204119 DENV1 WHO reference
KY586464	ncbi_serotype	denv1 # denv1 from GenBank record and sequence aligns closest to KM204119 DENV1 WHO reference
KY586465	ncbi_serotype	denv1 # denv1 from GenBank record and sequence aligns closest to KM204119 DENV1 WHO reference
KY586466	ncbi_serotype	denv1 # denv1 from GenBank record and sequence aligns closest to KM204119 DENV1 WHO reference
KY586467	ncbi_serotype	denv1 # denv1 from GenBank record and sequence aligns closest to KM204119 DENV1 WHO reference
KY586468	ncbi_serotype	denv1 # denv1 from GenBank record and sequence aligns closest to KM204119 DENV1 WHO reference
KY586469	ncbi_serotype	denv1 # denv1 from GenBank record and sequence aligns closest to KM204119 DENV1 WHO reference
KY586470	ncbi_serotype	denv1 # denv1 from GenBank record and sequence aligns closest to KM204119 DENV1 WHO reference
KY586471	ncbi_serotype	denv1 # denv1 from GenBank record and sequence aligns closest to KM204119 DENV1 WHO reference
KY586472	ncbi_serotype	denv1 # denv1 from GenBank record and sequence aligns closest to KM204119 DENV1 WHO reference
KY586473	ncbi_serotype	denv1 # denv1 from GenBank record and sequence aligns closest to KM204119 DENV1 WHO reference
KY586474	ncbi_serotype	denv1 # denv1 from GenBank record and sequence aligns closest to KM204119 DENV1 WHO reference
KY586475	ncbi_serotype	denv1 # denv1 from GenBank record and sequence aligns closest to KM204119 DENV1 WHO reference
KY586476	ncbi_serotype	denv1 # denv1 from GenBank record and sequence aligns closest to KM204119 DENV1 WHO reference
KY586477	ncbi_serotype	denv1 # denv1 from GenBank record and sequence aligns closest to KM204119 DENV1 WHO reference
KY586478	ncbi_serotype	denv1 # denv1 from GenBank record and sequence aligns closest to KM204119 DENV1 WHO reference
KY586479	ncbi_serotype	denv1 # denv1 from GenBank record and sequence aligns closest to KM204119 DENV1 WHO reference
KY586480	ncbi_serotype	denv1 # denv1 from GenBank record and sequence aligns closest to KM204119 DENV1 WHO reference
KY586481	ncbi_serotype	denv1 # denv1 from GenBank record and sequence aligns closest to KM204119 DENV1 WHO reference
KY586482	ncbi_serotype	denv1 # denv1 from GenBank record and sequence aligns closest to KM204119 DENV1 WHO reference
KY586483	ncbi_serotype	denv1 # denv1 from GenBank record and sequence aligns closest to KM204119 DENV1 WHO reference
KY586484	ncbi_serotype	denv1 # denv1 from GenBank record and sequence aligns closest to KM204119 DENV1 WHO reference
KY586485	ncbi_serotype	denv1 # denv1 from GenBank record and sequence aligns closest to KM204119 DENV1 WHO reference
KY586486	ncbi_serotype	denv1 # denv1 from GenBank record and sequence aligns closest to KM204119 DENV1 WHO reference
KY586487	ncbi_serotype	denv1 # denv1 from GenBank record and sequence aligns closest to KM204119 DENV1 WHO reference
KY586488	ncbi_serotype	denv1 # denv1 from GenBank record and sequence aligns closest to KM204119 DENV1 WHO reference
KY586489	ncbi_serotype	denv1 # denv1 from GenBank record and sequence aligns closest to KM204119 DENV1 WHO reference
KY586490	ncbi_serotype	denv1 # denv1 from GenBank record and sequence aligns closest to KM204119 DENV1 WHO reference
KY586491	ncbi_serotype	denv1 # denv1 from GenBank record and sequence aligns closest to KM204119 DENV1 WHO reference
KY586492	ncbi_serotype	denv1 # denv1 from GenBank record and sequence aligns closest to KM204119 DENV1 WHO reference
KY586493	ncbi_serotype	denv1 # denv1 from GenBank record and sequence aligns closest to KM204119 DENV1 WHO reference
KY586494	ncbi_serotype	denv1 # denv1 from GenBank record and sequence aligns closest to KM204119 DENV1 WHO reference
KY586495	ncbi_serotype	denv1 # denv1 from GenBank record and sequence aligns closest to KM204119 DENV1 WHO reference
KY586496	ncbi_serotype	denv1 # denv1 from GenBank record and sequence aligns closest to KM204119 DENV1 WHO reference
KY586497	ncbi_serotype	denv1 # denv1 from GenBank record and sequence aligns closest to KM204119 DENV1 WHO reference
KY586498	ncbi_serotype	denv1 # denv1 from GenBank record and sequence aligns closest to KM204119 DENV1 WHO reference
KY586499	ncbi_serotype	denv1 # denv1 from GenBank record and sequence aligns closest to KM204119 DENV1 WHO reference
KY586500	ncbi_serotype	denv1 # denv1 from GenBank record and sequence aligns closest to KM204119 DENV1 WHO reference
KY586501	ncbi_serotype	denv1 # denv1 from GenBank record and sequence aligns closest to KM204119 DENV1 WHO reference
KY586502	ncbi_serotype	denv1 # denv1 from GenBank record and sequence aligns closest to KM204119 DENV1 WHO reference
KY586503	ncbi_serotype	denv1 # denv1 from GenBank record and sequence aligns closest to KM204119 DENV1 WHO reference
KY586504	ncbi_serotype	denv1 # denv1 from GenBank record and sequence aligns closest to KM204119 DENV1 WHO reference
KY586505	ncbi_serotype	denv1 # denv1 from GenBank record and sequence aligns closest to KM204119 DENV1 WHO reference
KY586506	ncbi_serotype	denv1 # denv1 from GenBank record and sequence aligns closest to KM204119 DENV1 WHO reference
KY586507	ncbi_serotype	denv1 # denv1 from GenBank record and sequence aligns closest to KM204119 DENV1 WHO reference
KY586508	ncbi_serotype	denv1 # denv1 from GenBank record and sequence aligns closest to KM204119 DENV1 WHO reference
KY586509	ncbi_serotype	denv1 # denv1 from GenBank record and sequence aligns closest to KM204119 DENV1 WHO reference
KY586510	ncbi_serotype	denv1 # denv1 from GenBank record and sequence aligns closest to KM204119 DENV1 WHO reference
KY586511	ncbi_serotype	denv1 # denv1 from GenBank record and sequence aligns closest to KM204119 DENV1 WHO reference
KY586512	ncbi_serotype	denv1 # denv1 from GenBank record and sequence aligns closest to KM204119 DENV1 WHO reference
KY586513	ncbi_serotype	denv1 # denv1 from GenBank record and sequence aligns closest to KM204119 DENV1 WHO reference
KY586514	ncbi_serotype	denv1 # denv1 from GenBank record and sequence aligns closest to KM204119 DENV1 WHO reference
KY586515	ncbi_serotype	denv1 # denv1 from GenBank record and sequence aligns closest to KM204119 DENV1 WHO reference
KY586516	ncbi_serotype	denv1 # denv1 from GenBank record and sequence aligns closest to KM204119 DENV1 WHO reference
KY586517	ncbi_serotype	denv1 # denv1 from GenBank record and sequence aligns closest to KM204119 DENV1 WHO reference
KY586518	ncbi_serotype	denv1 # denv1 from GenBank record and sequence aligns closest to KM204119 DENV1 WHO reference
KY586519	ncbi_serotype	denv1 # denv1 from GenBank record and sequence aligns closest to KM204119 DENV1 WHO reference
KY586520	ncbi_serotype	denv1 # denv1 from GenBank record and sequence aligns closest to KM204119 DENV1 WHO reference
KY586521	ncbi_serotype	denv1 # denv1 from GenBank record and sequence aligns closest to KM204119 DENV1 WHO reference
KY586522	ncbi_serotype	denv1 # denv1 from GenBank record and sequence aligns closest to KM204119 DENV1 WHO reference
KY586523	ncbi_serotype	denv1 # denv1 from GenBank record and sequence aligns closest to KM204119 DENV1 WHO reference
KY586524	ncbi_serotype	denv1 # denv1 from GenBank record and sequence aligns closest to KM204119 DENV1 WHO reference
KY586525	ncbi_serotype	denv1 # denv1 from GenBank record and sequence aligns closest to KM204119 DENV1 WHO reference
KY586526	ncbi_serotype	denv1 # denv1 from GenBank record and sequence aligns closest to KM204119 DENV1 WHO reference
KY586527	ncbi_serotype	denv1 # denv1 from GenBank record and sequence aligns closest to KM204119 DENV1 WHO reference
KY586528	ncbi_serotype	denv1 # denv1 from GenBank record and sequence aligns closest to KM204119 DENV1 WHO reference
KY586529	ncbi_serotype	denv1 # denv1 from GenBank record and sequence aligns closest to KM204119 DENV1 WHO reference
KY586530	ncbi_serotype	denv1 # denv1 from GenBank record and sequence aligns closest to KM204119 DENV1 WHO reference
KY586531	ncbi_serotype	denv1 # denv1 from GenBank record and sequence aligns closest to KM204119 DENV1 WHO reference
KY586532	ncbi_serotype	denv1 # denv1 from GenBank record and sequence aligns closest to KM204119 DENV1 WHO reference
KY586533	ncbi_serotype	denv1 # denv1 from GenBank record and sequence aligns closest to KM204119 DENV1 WHO reference
KY586534	ncbi_serotype	denv1 # denv1 from GenBank record and sequence aligns closest to KM204119 DENV1 WHO reference
KY586535	ncbi_serotype	denv1 # denv1 from GenBank record and sequence aligns closest to KM204119 DENV1 WHO reference
KY586536	ncbi_serotype	denv1 # denv1 from GenBank record and sequence aligns closest to KM204119 DENV1 WHO reference
KY586537	ncbi_serotype	denv1 # denv1 from GenBank record and sequence aligns closest to KM204119 DENV1 WHO reference
KY586538	ncbi_serotype	denv1 # denv1 from GenBank record and sequence aligns closest to KM204119 DENV1 WHO reference
KY586539	ncbi_serotype	denv1 # denv1 from GenBank record and sequence aligns closest to KM204119 DENV1 WHO reference
KY586540	ncbi_serotype	denv1 # denv1 from GenBank record and sequence aligns closest to KM204119 DENV1 WHO reference
KY586541	ncbi_serotype	denv1 # denv1 from GenBank record and sequence aligns closest to KM204119 DENV1 WHO reference
KY586542	ncbi_serotype	denv1 # denv1 from GenBank record and sequence aligns closest to KM204119 DENV1 WHO reference
KY586543	ncbi_serotype	denv1 # denv1 from GenBank record and sequence aligns closest to KM204119 DENV1 WHO reference
KY586544	ncbi_serotype	denv1 # denv1 from GenBank record and sequence aligns closest to KM204119 DENV1 WHO reference
KY586545	ncbi_serotype	denv1 # denv1 from GenBank record and sequence aligns closest to KM204119 DENV1 WHO reference
KY586546	ncbi_serotype	denv1 # denv1 from GenBank record and sequence aligns closest to KM204119 DENV1 WHO reference
KY586547	ncbi_serotype	denv2 # denv2 from GenBank record and sequence aligns closest to KM204118 DENV2 WHO reference
KY586548	ncbi_serotype	denv2 # denv2 from GenBank record and sequence aligns closest to KM204118 DENV2 WHO reference
KY586549	ncbi_serotype	denv2 # denv2 from GenBank record and sequence aligns closest to KM204118 DENV2 WHO reference
KY586550	ncbi_serotype	denv2 # denv2 from GenBank record and sequence aligns closest to KM204118 DENV2 WHO reference
KY586551	ncbi_serotype	denv2 # denv2 from GenBank record and sequence aligns closest to KM204118 DENV2 WHO reference
KY586552	ncbi_serotype	denv2 # denv2 from GenBank record and sequence aligns closest to KM204118 DENV2 WHO reference
KY586553	ncbi_serotype	denv2 # denv2 from GenBank record and sequence aligns closest to KM204118 DENV2 WHO reference
KY586554	ncbi_serotype	denv2 # denv2 from GenBank record and sequence aligns closest to KM204118 DENV2 WHO reference
KY586555	ncbi_serotype	denv2 # denv2 from GenBank record and sequence aligns closest to KM204118 DENV2 WHO reference
KY586556	ncbi_serotype	denv2 # denv2 from GenBank record and sequence aligns closest to KM204118 DENV2 WHO reference
KY586557	ncbi_serotype	denv2 # denv2 from GenBank record and sequence aligns closest to KM204118 DENV2 WHO reference
KY586558	ncbi_serotype	denv2 # denv2 from GenBank record and sequence aligns closest to KM204118 DENV2 WHO reference
KY586559	ncbi_serotype	denv2 # denv2 from GenBank record and sequence aligns closest to KM204118 DENV2 WHO reference
KY586560	ncbi_serotype	denv2 # denv2 from GenBank record and sequence aligns closest to KM204118 DENV2 WHO reference
KY586561	ncbi_serotype	denv2 # denv2 from GenBank record and sequence aligns closest to KM204118 DENV2 WHO reference
KY586562	ncbi_serotype	denv2 # denv2 from GenBank record and sequence aligns closest to KM204118 DENV2 WHO reference
KY586563	ncbi_serotype	denv2 # denv2 from GenBank record and sequence aligns closest to KM204118 DENV2 WHO reference
KY586564	ncbi_serotype	denv2 # denv2 from GenBank record and sequence aligns closest to KM204118 DENV2 WHO reference
KY586565	ncbi_serotype	denv2 # denv2 from GenBank record and sequence aligns closest to KM204118 DENV2 WHO reference
KY586566	ncbi_serotype	denv2 # denv2 from GenBank record and sequence aligns closest to KM204118 DENV2 WHO reference
KY586567	ncbi_serotype	denv2 # denv2 from GenBank record and sequence aligns closest to KM204118 DENV2 WHO reference
KY586568	ncbi_serotype	denv2 # denv2 from GenBank record and sequence aligns closest to KM204118 DENV2 WHO reference
KY586569	ncbi_serotype	denv2 # denv2 from GenBank record and sequence aligns closest to KM204118 DENV2 WHO reference
KY586570	ncbi_serotype	denv2 # denv2 from GenBank record and sequence aligns closest to KM204118 DENV2 WHO reference
KY586571	ncbi_serotype	denv2 # denv2 from GenBank record and sequence aligns closest to KM204118 DENV2 WHO reference
KY586572	ncbi_serotype	denv2 # denv2 from GenBank record and sequence aligns closest to KM204118 DENV2 WHO reference
KY586573	ncbi_serotype	denv2 # denv2 from GenBank record and sequence aligns closest to KM204118 DENV2 WHO reference
KY586574	ncbi_serotype	denv2 # denv2 from GenBank record and sequence aligns closest to KM204118 DENV2 WHO reference
KY586575	ncbi_serotype	denv2 # denv2 from GenBank record and sequence aligns closest to KM204118 DENV2 WHO reference
KY586576	ncbi_serotype	denv2 # denv2 from GenBank record and sequence aligns closest to KM204118 DENV2 WHO reference
KY586577	ncbi_serotype	denv2 # denv2 from GenBank record and sequence aligns closest to KM204118 DENV2 WHO reference
KY586578	ncbi_serotype	denv2 # denv2 from GenBank record and sequence aligns closest to KM204118 DENV2 WHO reference
KY586579	ncbi_serotype	denv2 # denv2 from GenBank record and sequence aligns closest to KM204118 DENV2 WHO reference
KY586580	ncbi_serotype	denv2 # denv2 from GenBank record and sequence aligns closest to KM204118 DENV2 WHO reference
KY586581	ncbi_serotype	denv2 # denv2 from GenBank record and sequence aligns closest to KM204118 DENV2 WHO reference
KY586582	ncbi_serotype	denv2 # denv2 from GenBank record and sequence aligns closest to KM204118 DENV2 WHO reference
KY586583	ncbi_serotype	denv2 # denv2 from GenBank record and sequence aligns closest to KM204118 DENV2 WHO reference
KY586584	ncbi_serotype	denv2 # denv2 from GenBank record and sequence aligns closest to KM204118 DENV2 WHO reference
KY586585	ncbi_serotype	denv2 # denv2 from GenBank record and sequence aligns closest to KM204118 DENV2 WHO reference
KY586586	ncbi_serotype	denv2 # denv2 from GenBank record and sequence aligns closest to KM204118 DENV2 WHO reference
KY586587	ncbi_serotype	denv2 # denv2 from GenBank record and sequence aligns closest to KM204118 DENV2 WHO reference
KY586588	ncbi_serotype	denv2 # denv2 from GenBank record and sequence aligns closest to KM204118 DENV2 WHO reference
KY586589	ncbi_serotype	denv2 # denv2 from GenBank record and sequence aligns closest to KM204118 DENV2 WHO reference
KY586590	ncbi_serotype	denv2 # denv2 from GenBank record and sequence aligns closest to KM204118 DENV2 WHO reference
KY586591	ncbi_serotype	denv2 # denv2 from GenBank record and sequence aligns closest to KM204118 DENV2 WHO reference
KY586592	ncbi_serotype	denv2 # denv2 from GenBank record and sequence aligns closest to KM204118 DENV2 WHO reference
KY586593	ncbi_serotype	denv2 # denv2 from GenBank record and sequence aligns closest to KM204118 DENV2 WHO reference
KY586594	ncbi_serotype	denv2 # denv2 from GenBank record and sequence aligns closest to KM204118 DENV2 WHO reference
KY586595	ncbi_serotype	denv2 # denv2 from GenBank record and sequence aligns closest to KM204118 DENV2 WHO reference
KY586596	ncbi_serotype	denv2 # denv2 from GenBank record and sequence aligns closest to KM204118 DENV2 WHO reference
KY586597	ncbi_serotype	denv2 # denv2 from GenBank record and sequence aligns closest to KM204118 DENV2 WHO reference
KY586598	ncbi_serotype	denv2 # denv2 from GenBank record and sequence aligns closest to KM204118 DENV2 WHO reference
KY586599	ncbi_serotype	denv2 # denv2 from GenBank record and sequence aligns closest to KM204118 DENV2 WHO reference
KY586600	ncbi_serotype	denv2 # denv2 from GenBank record and sequence aligns closest to KM204118 DENV2 WHO reference
KY586601	ncbi_serotype	denv2 # denv2 from GenBank record and sequence aligns closest to KM204118 DENV2 WHO reference
KY586602	ncbi_serotype	denv2 # denv2 from GenBank record and sequence aligns closest to KM204118 DENV2 WHO reference
KY586603	ncbi_serotype	denv2 # denv2 from GenBank record and sequence aligns closest to KM204118 DENV2 WHO reference
KY586604	ncbi_serotype	denv2 # denv2 from GenBank record and sequence aligns closest to KM204118 DENV2 WHO reference
KY586605	ncbi_serotype	denv2 # denv2 from GenBank record and sequence aligns closest to KM204118 DENV2 WHO reference
KY586606	ncbi_serotype	denv2 # denv2 from GenBank record and sequence aligns closest to KM204118 DENV2 WHO reference
KY586607	ncbi_serotype	denv2 # denv2 from GenBank record and sequence aligns closest to KM204118 DENV2 WHO reference
KY586608	ncbi_serotype	denv2 # denv2 from GenBank record and sequence aligns closest to KM204118 DENV2 WHO reference
KY586609	ncbi_serotype	denv2 # denv2 from GenBank record and sequence aligns closest to KM204118 DENV2 WHO reference
KY586610	ncbi_serotype	denv2 # denv2 from GenBank record and sequence aligns closest to KM204118 DENV2 WHO reference
KY586611	ncbi_serotype	denv2 # denv2 from GenBank record and sequence aligns closest to KM204118 DENV2 WHO reference
KY586612	ncbi_serotype	denv2 # denv2 from GenBank record and sequence aligns closest to KM204118 DENV2 WHO reference
KY586613	ncbi_serotype	denv2 # denv2 from GenBank record and sequence aligns closest to KM204118 DENV2 WHO reference
KY586614	ncbi_serotype	denv2 # denv2 from GenBank record and sequence aligns closest to KM204118 DENV2 WHO reference
KY586615	ncbi_serotype	denv2 # denv2 from GenBank record and sequence aligns closest to KM204118 DENV2 WHO reference
KY586616	ncbi_serotype	denv2 # denv2 from GenBank record and sequence aligns closest to KM204118 DENV2 WHO reference
KY586617	ncbi_serotype	denv2 # denv2 from GenBank record and sequence aligns closest to KM204118 DENV2 WHO reference
KY586618	ncbi_serotype	denv2 # denv2 from GenBank record and sequence aligns closest to KM204118 DENV2 WHO reference
KY586619	ncbi_serotype	denv2 # denv2 from GenBank record and sequence aligns closest to KM204118 DENV2 WHO reference
KY586620	ncbi_serotype	denv2 # denv2 from GenBank record and sequence aligns closest to KM204118 DENV2 WHO reference
KY586621	ncbi_serotype	denv2 # denv2 from GenBank record and sequence aligns closest to KM204118 DENV2 WHO reference
KY586622	ncbi_serotype	denv2 # denv2 from GenBank record and sequence aligns closest to KM204118 DENV2 WHO reference
KY586623	ncbi_serotype	denv2 # denv2 from GenBank record and sequence aligns closest to KM204118 DENV2 WHO reference
KY586624	ncbi_serotype	denv2 # denv2 from GenBank record and sequence aligns closest to KM204118 DENV2 WHO reference
KY586625	ncbi_serotype	denv2 # denv2 from GenBank record and sequence aligns closest to KM204118 DENV2 WHO reference
KY586626	ncbi_serotype	denv2 # denv2 from GenBank record and sequence aligns closest to KM204118 DENV2 WHO reference
KY586627	ncbi_serotype	denv2 # denv2 from GenBank record and sequence aligns closest to KM204118 DENV2 WHO reference
KY586628	ncbi_serotype	denv2 # denv2 from GenBank record and sequence aligns closest to KM204118 DENV2 WHO reference
KY586629	ncbi_serotype	denv2 # denv2 from GenBank record and sequence aligns closest to KM204118 DENV2 WHO reference
KY586630	ncbi_serotype	denv2 # denv2 from GenBank record and sequence aligns closest to KM204118 DENV2 WHO reference
KY586631	ncbi_serotype	denv2 # denv2 from GenBank record and sequence aligns closest to KM204118 DENV2 WHO reference
KY586632	ncbi_serotype	denv2 # denv2 from GenBank record and sequence aligns closest to KM204118 DENV2 WHO reference
KY586633	ncbi_serotype	denv2 # denv2 from GenBank record and sequence aligns closest to KM204118 DENV2 WHO reference
KY586634	ncbi_serotype	denv2 # denv2 from GenBank record and sequence aligns closest to KM204118 DENV2 WHO reference
KY586635	ncbi_serotype	denv2 # denv2 from GenBank record and sequence aligns closest to KM204118 DENV2 WHO reference
KY586636	ncbi_serotype	denv2 # denv2 from GenBank record and sequence aligns closest to KM204118 DENV2 WHO reference
KY586637	ncbi_serotype	denv2 # denv2 from GenBank record and sequence aligns closest to KM204118 DENV2 WHO reference
KY586638	ncbi_serotype	denv2 # denv2 from GenBank record and sequence aligns closest to KM204118 DENV2 WHO reference
KY586639	ncbi_serotype	denv2 # denv2 from GenBank record and sequence aligns closest to KM204118 DENV2 WHO reference
KY586640	ncbi_serotype	denv2 # denv2 from GenBank record and sequence aligns closest to KM204118 DENV2 WHO reference
KY586641	ncbi_serotype	denv2 # denv2 from GenBank record and sequence aligns closest to KM204118 DENV2 WHO reference
KY586642	ncbi_serotype	denv2 # denv2 from GenBank record and sequence aligns closest to KM204118 DENV2 WHO reference
KY586643	ncbi_serotype	denv2 # denv2 from GenBank record and sequence aligns closest to KM204118 DENV2 WHO reference
KY586644	ncbi_serotype	denv2 # denv2 from GenBank record and sequence aligns closest to KM204118 DENV2 WHO reference
KY586645	ncbi_serotype	denv2 # denv2 from GenBank record and sequence aligns closest to KM204118 DENV2 WHO reference
KY586646	ncbi_serotype	denv2 # denv2 from GenBank record and sequence aligns closest to KM204118 DENV2 WHO reference
KY586647	ncbi_serotype	denv2 # denv2 from GenBank record and sequence aligns closest to KM204118 DENV2 WHO reference
KY586648	ncbi_serotype	denv2 # denv2 from GenBank record and sequence aligns closest to KM204118 DENV2 WHO reference
KY586649	ncbi_serotype	denv2 # denv2 from GenBank record and sequence aligns closest to KM204118 DENV2 WHO reference
KY586650	ncbi_serotype	denv2 # denv2 from GenBank record and sequence aligns closest to KM204118 DENV2 WHO reference
KY586651	ncbi_serotype	denv2 # denv2 from GenBank record and sequence aligns closest to KM204118 DENV2 WHO reference
KY586652	ncbi_serotype	denv2 # denv2 from GenBank record and sequence aligns closest to KM204118 DENV2 WHO reference
KY586653	ncbi_serotype	denv2 # denv2 from GenBank record and sequence aligns closest to KM204118 DENV2 WHO reference
KY586654	ncbi_serotype	denv2 # denv2 from GenBank record and sequence aligns closest to KM204118 DENV2 WHO reference
KY586655	ncbi_serotype	denv2 # denv2 from GenBank record and sequence aligns closest to KM204118 DENV2 WHO reference
KY586656	ncbi_serotype	denv2 # denv2 from GenBank record and sequence aligns closest to KM204118 DENV2 WHO reference
KY586657	ncbi_serotype	denv2 # denv2 from GenBank record and sequence aligns closest to KM204118 DENV2 WHO reference
KY586658	ncbi_serotype	denv2 # denv2 from GenBank record and sequence aligns closest to KM204118 DENV2 WHO reference
KY586659	ncbi_serotype	denv2 # denv2 from GenBank record and sequence aligns closest to KM204118 DENV2 WHO reference
KY586660	ncbi_serotype	denv2 # denv2 from GenBank record and sequence aligns closest to KM204118 DENV2 WHO reference
KY586661	ncbi_serotype	denv2 # denv2 from GenBank record and sequence aligns closest to KM204118 DENV2 WHO reference
KY586662	ncbi_serotype	denv2 # denv2 from GenBank record and sequence aligns closest to KM204118 DENV2 WHO reference
KY586663	ncbi_serotype	denv2 # denv2 from GenBank record and sequence aligns closest to KM204118 DENV2 WHO reference
KY586664	ncbi_serotype	denv2 # denv2 from GenBank record and sequence aligns closest to KM204118 DENV2 WHO reference
KY586665	ncbi_serotype	denv2 # denv2 from GenBank record and sequence aligns closest to KM204118 DENV2 WHO reference
KY586666	ncbi_serotype	denv2 # denv2 from GenBank record and sequence aligns closest to KM204118 DENV2 WHO reference
KY586667	ncbi_serotype	denv2 # denv2 from GenBank record and sequence aligns closest to KM204118 DENV2 WHO reference
KY586668	ncbi_serotype	denv2 # denv2 from GenBank record and sequence aligns closest to KM204118 DENV2 WHO reference
KY586669	ncbi_serotype	denv2 # denv2 from GenBank record and sequence aligns closest to KM204118 DENV2 WHO reference
KY586670	ncbi_serotype	denv2 # denv2 from GenBank record and sequence aligns closest to KM204118 DENV2 WHO reference
KY586671	ncbi_serotype	denv2 # denv2 from GenBank record and sequence aligns closest to KM204118 DENV2 WHO reference
KY586672	ncbi_serotype	denv2 # denv2 from GenBank record and sequence aligns closest to KM204118 DENV2 WHO reference
KY586673	ncbi_serotype	denv2 # denv2 from GenBank record and sequence aligns closest to KM204118 DENV2 WHO reference
KY586674	ncbi_serotype	denv2 # denv2 from GenBank record and sequence aligns closest to KM204118 DENV2 WHO reference
KY586675	ncbi_serotype	denv2 # denv2 from GenBank record and sequence aligns closest to KM204118 DENV2 WHO reference
KY586676	ncbi_serotype	denv2 # denv2 from GenBank record and sequence aligns closest to KM204118 DENV2 WHO reference
KY586677	ncbi_serotype	denv2 # denv2 from GenBank record and sequence aligns closest to KM204118 DENV2 WHO reference
KY586678	ncbi_serotype	denv2 # denv2 from GenBank record and sequence aligns closest to KM204118 DENV2 WHO reference
KY586679	ncbi_serotype	denv2 # denv2 from GenBank record and sequence aligns closest to KM204118 DENV2 WHO reference
KY586680	ncbi_serotype	denv2 # denv2 from GenBank record and sequence aligns closest to KM204118 DENV2 WHO reference
KY586681	ncbi_serotype	denv2 # denv2 from GenBank record and sequence aligns closest to KM204118 DENV2 WHO reference
KY586682	ncbi_serotype	denv2 # denv2 from GenBank record and sequence aligns closest to KM204118 DENV2 WHO reference
KY586683	ncbi_serotype	denv2 # denv2 from GenBank record and sequence aligns closest to KM204118 DENV2 WHO reference
KY586684	ncbi_serotype	denv2 # denv2 from GenBank record and sequence aligns closest to KM204118 DENV2 WHO reference
KY586685	ncbi_serotype	denv2 # denv2 from GenBank record and sequence aligns closest to KM204118 DENV2 WHO reference
KY586686	ncbi_serotype	denv2 # denv2 from GenBank record and sequence aligns closest to KM204118 DENV2 WHO reference
KY586687	ncbi_serotype	denv2 # denv2 from GenBank record and sequence aligns closest to KM204118 DENV2 WHO reference
KY586688	ncbi_serotype	denv2 # denv2 from GenBank record and sequence aligns closest to KM204118 DENV2 WHO reference
KY586689	ncbi_serotype	denv2 # denv2 from GenBank record and sequence aligns closest to KM204118 DENV2 WHO reference
KY586690	ncbi_serotype	denv2 # denv2 from GenBank record and sequence aligns closest to KM204118 DENV2 WHO reference
KY586691	ncbi_serotype	denv2 # denv2 from GenBank record and sequence aligns closest to KM204118 DENV2 WHO reference
KY586692	ncbi_serotype	denv2 # denv2 from GenBank record and sequence aligns closest to KM204118 DENV2 WHO reference
KY586693	ncbi_serotype	denv2 # denv2 from GenBank record and sequence aligns closest to KM204118 DENV2 WHO reference
KY586694	ncbi_serotype	denv2 # denv2 from GenBank record and sequence aligns closest to KM204118 DENV2 WHO reference
KY586695	ncbi_serotype	denv2 # denv2 from GenBank record and sequence aligns closest to KM204118 DENV2 WHO reference
KY586696	ncbi_serotype	denv2 # denv2 from GenBank record and sequence aligns closest to KM204118 DENV2 WHO reference
KY586697	ncbi_serotype	denv2 # denv2 from GenBank record and sequence aligns closest to KM204118 DENV2 WHO reference
KY586698	ncbi_serotype	denv2 # denv2 from GenBank record and sequence aligns closest to KM204118 DENV2 WHO reference
KY586699	ncbi_serotype	denv2 # denv2 from GenBank record and sequence aligns closest to KM204118 DENV2 WHO reference
KY586700	ncbi_serotype	denv2 # denv2 from GenBank record and sequence aligns closest to KM204118 DENV2 WHO reference
KY586701	ncbi_serotype	denv3 # denv3 from GenBank record and sequence aligns closest to KU050695 DENV3 WHO reference
KY586702	ncbi_serotype	denv3 # denv3 from GenBank record and sequence aligns closest to KU050695 DENV3 WHO reference
KY586703	ncbi_serotype	denv3 # denv3 from GenBank record and sequence aligns closest to KU050695 DENV3 WHO reference
KY586704	ncbi_serotype	denv3 # denv3 from GenBank record and sequence aligns closest to KU050695 DENV3 WHO reference
KY586705	ncbi_serotype	denv3 # denv3 from GenBank record and sequence aligns closest to KU050695 DENV3 WHO reference
KY586706	ncbi_serotype	denv3 # denv3 from GenBank record and sequence aligns closest to KU050695 DENV3 WHO reference
KY586707	ncbi_serotype	denv3 # denv3 from GenBank record and sequence aligns closest to KU050695 DENV3 WHO reference
KY586708	ncbi_serotype	denv3 # denv3 from GenBank record and sequence aligns closest to KU050695 DENV3 WHO reference
KY586709	ncbi_serotype	denv3 # denv3 from GenBank record and sequence aligns closest to KU050695 DENV3 WHO reference
KY586710	ncbi_serotype	denv3 # denv3 from GenBank record and sequence aligns closest to KU050695 DENV3 WHO reference
KY586711	ncbi_serotype	denv3 # denv3 from GenBank record and sequence aligns closest to KU050695 DENV3 WHO reference
KY586712	ncbi_serotype	denv3 # denv3 from GenBank record and sequence aligns closest to KU050695 DENV3 WHO reference
KY586713	ncbi_serotype	denv3 # denv3 from GenBank record and sequence aligns closest to KU050695 DENV3 WHO reference
KY586714	ncbi_serotype	denv3 # denv3 from GenBank record and sequence aligns closest to KU050695 DENV3 WHO reference
KY586715	ncbi_serotype	denv3 # denv3 from GenBank record and sequence aligns closest to KU050695 DENV3 WHO reference
KY586716	ncbi_serotype	denv3 # denv3 from GenBank record and sequence aligns closest to KU050695 DENV3 WHO reference
KY586717	ncbi_serotype	denv3 # denv3 from GenBank record and sequence aligns closest to KU050695 DENV3 WHO reference
KY586718	ncbi_serotype	denv3 # denv3 from GenBank record and sequence aligns closest to KU050695 DENV3 WHO reference
KY586719	ncbi_serotype	denv3 # denv3 from GenBank record and sequence aligns closest to KU050695 DENV3 WHO reference
KY586720	ncbi_serotype	denv3 # denv3 from GenBank record and sequence aligns closest to KU050695 DENV3 WHO reference
KY586721	ncbi_serotype	denv3 # denv3 from GenBank record and sequence aligns closest to KU050695 DENV3 WHO reference
KY586722	ncbi_serotype	denv3 # denv3 from GenBank record and sequence aligns closest to KU050695 DENV3 WHO reference
KY586723	ncbi_serotype	denv3 # denv3 from GenBank record and sequence aligns closest to KU050695 DENV3 WHO reference
KY586724	ncbi_serotype	denv3 # denv3 from GenBank record and sequence aligns closest to KU050695 DENV3 WHO reference
KY586725	ncbi_serotype	denv3 # denv3 from GenBank record and sequence aligns closest to KU050695 DENV3 WHO reference
KY586726	ncbi_serotype	denv3 # denv3 from GenBank record and sequence aligns closest to KU050695 DENV3 WHO reference
KY586727	ncbi_serotype	denv3 # denv3 from GenBank record and sequence aligns closest to KU050695 DENV3 WHO reference
KY586728	ncbi_serotype	denv3 # denv3 from GenBank record and sequence aligns closest to KU050695 DENV3 WHO reference
KY586729	ncbi_serotype	denv3 # denv3 from GenBank record and sequence aligns closest to KU050695 DENV3 WHO reference
KY586730	ncbi_serotype	denv3 # denv3 from GenBank record and sequence aligns closest to KU050695 DENV3 WHO reference
KY586731	ncbi_serotype	denv3 # denv3 from GenBank record and sequence aligns closest to KU050695 DENV3 WHO reference
KY586732	ncbi_serotype	denv3 # denv3 from GenBank record and sequence aligns closest to KU050695 DENV3 WHO reference
KY586733	ncbi_serotype	denv3 # denv3 from GenBank record and sequence aligns closest to KU050695 DENV3 WHO reference
KY586734	ncbi_serotype	denv3 # denv3 from GenBank record and sequence aligns closest to KU050695 DENV3 WHO reference
KY586735	ncbi_serotype	denv3 # denv3 from GenBank record and sequence aligns closest to KU050695 DENV3 WHO reference
KY586736	ncbi_serotype	denv3 # denv3 from GenBank record and sequence aligns closest to KU050695 DENV3 WHO reference
KY586737	ncbi_serotype	denv3 # denv3 from GenBank record and sequence aligns closest to KU050695 DENV3 WHO reference
KY586738	ncbi_serotype	denv3 # denv3 from GenBank record and sequence aligns closest to KU050695 DENV3 WHO reference
KY586739	ncbi_serotype	denv3 # denv3 from GenBank record and sequence aligns closest to KU050695 DENV3 WHO reference
KY586740	ncbi_serotype	denv3 # denv3 from GenBank record and sequence aligns closest to KU050695 DENV3 WHO reference
KY586741	ncbi_serotype	denv3 # denv3 from GenBank record and sequence aligns closest to KU050695 DENV3 WHO reference
KY586742	ncbi_serotype	denv3 # denv3 from GenBank record and sequence aligns closest to KU050695 DENV3 WHO reference
KY586743	ncbi_serotype	denv3 # denv3 from GenBank record and sequence aligns closest to KU050695 DENV3 WHO reference
KY586744	ncbi_serotype	denv3 # denv3 from GenBank record and sequence aligns closest to KU050695 DENV3 WHO reference
KY586745	ncbi_serotype	denv3 # denv3 from GenBank record and sequence aligns closest to KU050695 DENV3 WHO reference
KY586746	ncbi_serotype	denv3 # denv3 from GenBank record and sequence aligns closest to KU050695 DENV3 WHO reference
KY586747	ncbi_serotype	denv3 # denv3 from GenBank record and sequence aligns closest to KU050695 DENV3 WHO reference
KY586748	ncbi_serotype	denv3 # denv3 from GenBank record and sequence aligns closest to KU050695 DENV3 WHO reference
KY586749	ncbi_serotype	denv3 # denv3 from GenBank record and sequence aligns closest to KU050695 DENV3 WHO reference
KY586750	ncbi_serotype	denv3 # denv3 from GenBank record and sequence aligns closest to KU050695 DENV3 WHO reference
KY586751	ncbi_serotype	denv3 # denv3 from GenBank record and sequence aligns closest to KU050695 DENV3 WHO reference
KY586752	ncbi_serotype	denv3 # denv3 from GenBank record and sequence aligns closest to KU050695 DENV3 WHO reference
KY586753	ncbi_serotype	denv3 # denv3 from GenBank record and sequence aligns closest to KU050695 DENV3 WHO reference
KY586754	ncbi_serotype	denv3 # denv3 from GenBank record and sequence aligns closest to KU050695 DENV3 WHO reference
KY586755	ncbi_serotype	denv3 # denv3 from GenBank record and sequence aligns closest to KU050695 DENV3 WHO reference
KY586756	ncbi_serotype	denv3 # denv3 from GenBank record and sequence aligns closest to KU050695 DENV3 WHO reference
KY586757	ncbi_serotype	denv3 # denv3 from GenBank record and sequence aligns closest to KU050695 DENV3 WHO reference
KY586758	ncbi_serotype	denv3 # denv3 from GenBank record and sequence aligns closest to KU050695 DENV3 WHO reference
KY586759	ncbi_serotype	denv3 # denv3 from GenBank record and sequence aligns closest to KU050695 DENV3 WHO reference
KY586760	ncbi_serotype	denv3 # denv3 from GenBank record and sequence aligns closest to KU050695 DENV3 WHO reference
KY586761	ncbi_serotype	denv3 # denv3 from GenBank record and sequence aligns closest to KU050695 DENV3 WHO reference
KY586762	ncbi_serotype	denv3 # denv3 from GenBank record and sequence aligns closest to KU050695 DENV3 WHO reference
KY586763	ncbi_serotype	denv3 # denv3 from GenBank record and sequence aligns closest to KU050695 DENV3 WHO reference
KY586764	ncbi_serotype	denv3 # denv3 from GenBank record and sequence aligns closest to KU050695 DENV3 WHO reference
KY586765	ncbi_serotype	denv3 # denv3 from GenBank record and sequence aligns closest to KU050695 DENV3 WHO reference
KY586766	ncbi_serotype	denv3 # denv3 from GenBank record and sequence aligns closest to KU050695 DENV3 WHO reference
KY586767	ncbi_serotype	denv3 # denv3 from GenBank record and sequence aligns closest to KU050695 DENV3 WHO reference
KY586768	ncbi_serotype	denv3 # denv3 from GenBank record and sequence aligns closest to KU050695 DENV3 WHO reference
KY586769	ncbi_serotype	denv3 # denv3 from GenBank record and sequence aligns closest to KU050695 DENV3 WHO reference
KY586770	ncbi_serotype	denv3 # denv3 from GenBank record and sequence aligns closest to KU050695 DENV3 WHO reference
KY586771	ncbi_serotype	denv3 # denv3 from GenBank record and sequence aligns closest to KU050695 DENV3 WHO reference
KY586772	ncbi_serotype	denv3 # denv3 from GenBank record and sequence aligns closest to KU050695 DENV3 WHO reference
KY586773	ncbi_serotype	denv3 # denv3 from GenBank record and sequence aligns closest to KU050695 DENV3 WHO reference
KY586774	ncbi_serotype	denv3 # denv3 from GenBank record and sequence aligns closest to KU050695 DENV3 WHO reference
KY586775	ncbi_serotype	denv3 # denv3 from GenBank record and sequence aligns closest to KU050695 DENV3 WHO reference
KY586776	ncbi_serotype	denv3 # denv3 from GenBank record and sequence aligns closest to KU050695 DENV3 WHO reference
KY586777	ncbi_serotype	denv3 # denv3 from GenBank record and sequence aligns closest to KU050695 DENV3 WHO reference
KY586778	ncbi_serotype	denv3 # denv3 from GenBank record and sequence aligns closest to KU050695 DENV3 WHO reference
KY586779	ncbi_serotype	denv3 # denv3 from GenBank record and sequence aligns closest to KU050695 DENV3 WHO reference
KY586780	ncbi_serotype	denv3 # denv3 from GenBank record and sequence aligns closest to KU050695 DENV3 WHO reference
KY586781	ncbi_serotype	denv3 # denv3 from GenBank record and sequence aligns closest to KU050695 DENV3 WHO reference
KY586782	ncbi_serotype	denv3 # denv3 from GenBank record and sequence aligns closest to KU050695 DENV3 WHO reference
KY586783	ncbi_serotype	denv3 # denv3 from GenBank record and sequence aligns closest to KU050695 DENV3 WHO reference
KY586784	ncbi_serotype	denv3 # denv3 from GenBank record and sequence aligns closest to KU050695 DENV3 WHO reference
KY586785	ncbi_serotype	denv3 # denv3 from GenBank record and sequence aligns closest to KU050695 DENV3 WHO reference
KY586786	ncbi_serotype	denv3 # denv3 from GenBank record and sequence aligns closest to KU050695 DENV3 WHO reference
KY586787	ncbi_serotype	denv3 # denv3 from GenBank record and sequence aligns closest to KU050695 DENV3 WHO reference
KY586788	ncbi_serotype	denv3 # denv3 from GenBank record and sequence aligns closest to KU050695 DENV3 WHO reference
KY586789	ncbi_serotype	denv3 # denv3 from GenBank record and sequence aligns closest to KU050695 DENV3 WHO reference
KY586790	ncbi_serotype	denv3 # denv3 from GenBank record and sequence aligns closest to KU050695 DENV3 WHO reference
KY586791	ncbi_serotype	denv3 # denv3 from GenBank record and sequence aligns closest to KU050695 DENV3 WHO reference
KY586792	ncbi_serotype	denv3 # denv3 from GenBank record and sequence aligns closest to KU050695 DENV3 WHO reference
KY586793	ncbi_serotype	denv3 # denv3 from GenBank record and sequence aligns closest to KU050695 DENV3 WHO reference
KY586794	ncbi_serotype	denv3 # denv3 from GenBank record and sequence aligns closest to KU050695 DENV3 WHO reference
KY586795	ncbi_serotype	denv3 # denv3 from GenBank record and sequence aligns closest to KU050695 DENV3 WHO reference
KY586796	ncbi_serotype	denv3 # denv3 from GenBank record and sequence aligns closest to KU050695 DENV3 WHO reference
KY586797	ncbi_serotype	denv3 # denv3 from GenBank record and sequence aligns closest to KU050695 DENV3 WHO reference
KY586798	ncbi_serotype	denv3 # denv3 from GenBank record and sequence aligns closest to KU050695 DENV3 WHO reference
KY586799	ncbi_serotype	denv3 # denv3 from GenBank record and sequence aligns closest to KU050695 DENV3 WHO reference
KY586800	ncbi_serotype	denv3 # denv3 from GenBank record and sequence aligns closest to KU050695 DENV3 WHO reference
KY586801	ncbi_serotype	denv3 # denv3 from GenBank record and sequence aligns closest to KU050695 DENV3 WHO reference
KY586802	ncbi_serotype	denv3 # denv3 from GenBank record and sequence aligns closest to KU050695 DENV3 WHO reference
KY586803	ncbi_serotype	denv3 # denv3 from GenBank record and sequence aligns closest to KU050695 DENV3 WHO reference
KY586804	ncbi_serotype	denv3 # denv3 from GenBank record and sequence aligns closest to KU050695 DENV3 WHO reference
KY586805	ncbi_serotype	denv3 # denv3 from GenBank record and sequence aligns closest to KU050695 DENV3 WHO reference
KY586806	ncbi_serotype	denv3 # denv3 from GenBank record and sequence aligns closest to KU050695 DENV3 WHO reference
KY586807	ncbi_serotype	denv3 # denv3 from GenBank record and sequence aligns closest to KU050695 DENV3 WHO reference
KY586808	ncbi_serotype	denv3 # denv3 from GenBank record and sequence aligns closest to KU050695 DENV3 WHO reference
KY586809	ncbi_serotype	denv3 # denv3 from GenBank record and sequence aligns closest to KU050695 DENV3 WHO reference
KY586810	ncbi_serotype	denv3 # denv3 from GenBank record and sequence aligns closest to KU050695 DENV3 WHO reference
KY586811	ncbi_serotype	denv3 # denv3 from GenBank record and sequence aligns closest to KU050695 DENV3 WHO reference
KY586812	ncbi_serotype	denv3 # denv3 from GenBank record and sequence aligns closest to KU050695 DENV3 WHO reference
KY586813	ncbi_serotype	denv3 # denv3 from GenBank record and sequence aligns closest to KU050695 DENV3 WHO reference
KY586814	ncbi_serotype	denv3 # denv3 from GenBank record and sequence aligns closest to KU050695 DENV3 WHO reference
KY586815	ncbi_serotype	denv3 # denv3 from GenBank record and sequence aligns closest to KU050695 DENV3 WHO reference
KY586816	ncbi_serotype	denv3 # denv3 from GenBank record and sequence aligns closest to KU050695 DENV3 WHO reference
KY586817	ncbi_serotype	denv3 # denv3 from GenBank record and sequence aligns closest to KU050695 DENV3 WHO reference
KY586818	ncbi_serotype	denv3 # denv3 from GenBank record and sequence aligns closest to KU050695 DENV3 WHO reference
KY586819	ncbi_serotype	denv3 # denv3 from GenBank record and sequence aligns closest to KU050695 DENV3 WHO reference
KY586820	ncbi_serotype	denv3 # denv3 from GenBank record and sequence aligns closest to KU050695 DENV3 WHO reference
KY586821	ncbi_serotype	denv3 # denv3 from GenBank record and sequence aligns closest to KU050695 DENV3 WHO reference
KY586822	ncbi_serotype	denv3 # denv3 from GenBank record and sequence aligns closest to KU050695 DENV3 WHO reference
KY586823	ncbi_serotype	denv4 # denv4 from GenBank record and sequence aligns closest to KR011349 DENV4 WHO reference
KY586824	ncbi_serotype	denv4 # denv4 from GenBank record and sequence aligns closest to KR011349 DENV4 WHO reference
KY586825	ncbi_serotype	denv4 # denv4 from GenBank record and sequence aligns closest to KR011349 DENV4 WHO reference
KY586826	ncbi_serotype	denv4 # denv4 from GenBank record and sequence aligns closest to KR011349 DENV4 WHO reference
KY586840	ncbi_serotype	denv4 # denv4 from GenBank record and sequence aligns closest to KR011349 DENV4 WHO reference
KY586841	ncbi_serotype	denv4 # denv4 from GenBank record and sequence aligns closest to KR011349 DENV4 WHO reference
KY586842	ncbi_serotype	denv4 # denv4 from GenBank record and sequence aligns closest to KR011349 DENV4 WHO reference
KY586843	ncbi_serotype	denv4 # denv4 from GenBank record and sequence aligns closest to KR011349 DENV4 WHO reference
KY586844	ncbi_serotype	denv4 # denv4 from GenBank record and sequence aligns closest to KR011349 DENV4 WHO reference
KY586845	ncbi_serotype	denv4 # denv4 from GenBank record and sequence aligns closest to KR011349 DENV4 WHO reference
KY586846	ncbi_serotype	denv4 # denv4 from GenBank record and sequence aligns closest to KR011349 DENV4 WHO reference
KY586847	ncbi_serotype	denv4 # denv4 from GenBank record and sequence aligns closest to KR011349 DENV4 WHO reference
KY586848	ncbi_serotype	denv4 # denv4 from GenBank record and sequence aligns closest to KR011349 DENV4 WHO reference
KY586849	ncbi_serotype	denv4 # denv4 from GenBank record and sequence aligns closest to KR011349 DENV4 WHO reference
KY586850	ncbi_serotype	denv4 # denv4 from GenBank record and sequence aligns closest to KR011349 DENV4 WHO reference
KY586851	ncbi_serotype	denv4 # denv4 from GenBank record and sequence aligns closest to KR011349 DENV4 WHO reference
KY586852	ncbi_serotype	denv4 # denv4 from GenBank record and sequence aligns closest to KR011349 DENV4 WHO reference
KY586853	ncbi_serotype	denv4 # denv4 from GenBank record and sequence aligns closest to KR011349 DENV4 WHO reference
KY586854	ncbi_serotype	denv4 # denv4 from GenBank record and sequence aligns closest to KR011349 DENV4 WHO reference
KY586855	ncbi_serotype	denv4 # denv4 from GenBank record and sequence aligns closest to KR011349 DENV4 WHO reference
KY586856	ncbi_serotype	denv4 # denv4 from GenBank record and sequence aligns closest to KR011349 DENV4 WHO reference
KY586857	ncbi_serotype	denv4 # denv4 from GenBank record and sequence aligns closest to KR011349 DENV4 WHO reference
KY586858	ncbi_serotype	denv4 # denv4 from GenBank record and sequence aligns closest to KR011349 DENV4 WHO reference
KY586859	ncbi_serotype	denv4 # denv4 from GenBank record and sequence aligns closest to KR011349 DENV4 WHO reference
KY586860	ncbi_serotype	denv4 # denv4 from GenBank record and sequence aligns closest to KR011349 DENV4 WHO reference
KY586861	ncbi_serotype	denv4 # denv4 from GenBank record and sequence aligns closest to KR011349 DENV4 WHO reference
KY586862	ncbi_serotype	denv4 # denv4 from GenBank record and sequence aligns closest to KR011349 DENV4 WHO reference
KY586863	ncbi_serotype	denv4 # denv4 from GenBank record and sequence aligns closest to KR011349 DENV4 WHO reference
KY586864	ncbi_serotype	denv4 # denv4 from GenBank record and sequence aligns closest to KR011349 DENV4 WHO reference
KY586865	ncbi_serotype	denv4 # denv4 from GenBank record and sequence aligns closest to KR011349 DENV4 WHO reference
KY586866	ncbi_serotype	denv4 # denv4 from GenBank record and sequence aligns closest to KR011349 DENV4 WHO reference
KY586867	ncbi_serotype	denv4 # denv4 from GenBank record and sequence aligns closest to KR011349 DENV4 WHO reference
KY586868	ncbi_serotype	denv4 # denv4 from GenBank record and sequence aligns closest to KR011349 DENV4 WHO reference
KY586869	ncbi_serotype	denv4 # denv4 from GenBank record and sequence aligns closest to KR011349 DENV4 WHO reference
KY586870	ncbi_serotype	denv4 # denv4 from GenBank record and sequence aligns closest to KR011349 DENV4 WHO reference
KY586871	ncbi_serotype	denv4 # denv4 from GenBank record and sequence aligns closest to KR011349 DENV4 WHO reference
KY586872	ncbi_serotype	denv4 # denv4 from GenBank record and sequence aligns closest to KR011349 DENV4 WHO reference
KY586873	ncbi_serotype	denv4 # denv4 from GenBank record and sequence aligns closest to KR011349 DENV4 WHO reference
KY586874	ncbi_serotype	denv4 # denv4 from GenBank record and sequence aligns closest to KR011349 DENV4 WHO reference
KY586875	ncbi_serotype	denv4 # denv4 from GenBank record and sequence aligns closest to KR011349 DENV4 WHO reference
KY586876	ncbi_serotype	denv4 # denv4 from GenBank record and sequence aligns closest to KR011349 DENV4 WHO reference
KY586877	ncbi_serotype	denv4 # denv4 from GenBank record and sequence aligns closest to KR011349 DENV4 WHO reference
KY586878	ncbi_serotype	denv4 # denv4 from GenBank record and sequence aligns closest to KR011349 DENV4 WHO reference
KY586879	ncbi_serotype	denv4 # denv4 from GenBank record and sequence aligns closest to KR011349 DENV4 WHO reference
KY586880	ncbi_serotype	denv4 # denv4 from GenBank record and sequence aligns closest to KR011349 DENV4 WHO reference
KY586881	ncbi_serotype	denv4 # denv4 from GenBank record and sequence aligns closest to KR011349 DENV4 WHO reference
KY586882	ncbi_serotype	denv4 # denv4 from GenBank record and sequence aligns closest to KR011349 DENV4 WHO reference
KY586883	ncbi_serotype	denv4 # denv4 from GenBank record and sequence aligns closest to KR011349 DENV4 WHO reference
KY586884	ncbi_serotype	denv4 # denv4 from GenBank record and sequence aligns closest to KR011349 DENV4 WHO reference
KY586885	ncbi_serotype	denv4 # denv4 from GenBank record and sequence aligns closest to KR011349 DENV4 WHO reference
KY586886	ncbi_serotype	denv4 # denv4 from GenBank record and sequence aligns closest to KR011349 DENV4 WHO reference
KY586887	ncbi_serotype	denv4 # denv4 from GenBank record and sequence aligns closest to KR011349 DENV4 WHO reference
KY586888	ncbi_serotype	denv4 # denv4 from GenBank record and sequence aligns closest to KR011349 DENV4 WHO reference
KY586889	ncbi_serotype	denv4 # denv4 from GenBank record and sequence aligns closest to KR011349 DENV4 WHO reference
KY586890	ncbi_serotype	denv4 # denv4 from GenBank record and sequence aligns closest to KR011349 DENV4 WHO reference
KY586891	ncbi_serotype	denv4 # denv4 from GenBank record and sequence aligns closest to KR011349 DENV4 WHO reference
KY586892	ncbi_serotype	denv4 # denv4 from GenBank record and sequence aligns closest to KR011349 DENV4 WHO reference
KY586893	ncbi_serotype	denv4 # denv4 from GenBank record and sequence aligns closest to KR011349 DENV4 WHO reference
KY586894	ncbi_serotype	denv4 # denv4 from GenBank record and sequence aligns closest to KR011349 DENV4 WHO reference
KY586895	ncbi_serotype	denv4 # denv4 from GenBank record and sequence aligns closest to KR011349 DENV4 WHO reference
KY586896	ncbi_serotype	denv4 # denv4 from GenBank record and sequence aligns closest to KR011349 DENV4 WHO reference
KY586897	ncbi_serotype	denv4 # denv4 from GenBank record and sequence aligns closest to KR011349 DENV4 WHO reference
KY586899	ncbi_serotype	denv4 # denv4 from GenBank record and sequence aligns closest to KR011349 DENV4 WHO reference
KY586900	ncbi_serotype	denv4 # denv4 from GenBank record and sequence aligns closest to KR011349 DENV4 WHO reference
KY586901	ncbi_serotype	denv4 # denv4 from GenBank record and sequence aligns closest to KR011349 DENV4 WHO reference
KY586902	ncbi_serotype	denv4 # denv4 from GenBank record and sequence aligns closest to KR011349 DENV4 WHO reference
KY586905	ncbi_serotype	denv4 # denv4 from GenBank record and sequence aligns closest to KR011349 DENV4 WHO reference
KY586906	ncbi_serotype	denv4 # denv4 from GenBank record and sequence aligns closest to KR011349 DENV4 WHO reference
KY586907	ncbi_serotype	denv4 # denv4 from GenBank record and sequence aligns closest to KR011349 DENV4 WHO reference
KY586911	ncbi_serotype	denv4 # denv4 from GenBank record and sequence aligns closest to KR011349 DENV4 WHO reference
KY586913	ncbi_serotype	denv4 # denv4 from GenBank record and sequence aligns closest to KR011349 DENV4 WHO reference
KY586915	ncbi_serotype	denv4 # denv4 from GenBank record and sequence aligns closest to KR011349 DENV4 WHO reference
KY586916	ncbi_serotype	denv4 # denv4 from GenBank record and sequence aligns closest to KR011349 DENV4 WHO reference
KY586920	ncbi_serotype	denv4 # denv4 from GenBank record and sequence aligns closest to KR011349 DENV4 WHO reference
KY586921	ncbi_serotype	denv4 # denv4 from GenBank record and sequence aligns closest to KR011349 DENV4 WHO reference
KY586923	ncbi_serotype	denv4 # denv4 from GenBank record and sequence aligns closest to KR011349 DENV4 WHO reference
KY586924	ncbi_serotype	denv4 # denv4 from GenBank record and sequence aligns closest to KR011349 DENV4 WHO reference
KY586925	ncbi_serotype	denv4 # denv4 from GenBank record and sequence aligns closest to KR011349 DENV4 WHO reference
KY586926	ncbi_serotype	denv4 # denv4 from GenBank record and sequence aligns closest to KR011349 DENV4 WHO reference
KY586927	ncbi_serotype	denv4 # denv4 from GenBank record and sequence aligns closest to KR011349 DENV4 WHO reference
KY586928	ncbi_serotype	denv4 # denv4 from GenBank record and sequence aligns closest to KR011349 DENV4 WHO reference
KY586929	ncbi_serotype	denv4 # denv4 from GenBank record and sequence aligns closest to KR011349 DENV4 WHO reference
KY586930	ncbi_serotype	denv4 # denv4 from GenBank record and sequence aligns closest to KR011349 DENV4 WHO reference
KY586931	ncbi_serotype	denv4 # denv4 from GenBank record and sequence aligns closest to KR011349 DENV4 WHO reference
KY586933	ncbi_serotype	denv4 # denv4 from GenBank record and sequence aligns closest to KR011349 DENV4 WHO reference
KY586934	ncbi_serotype	denv4 # denv4 from GenBank record and sequence aligns closest to KR011349 DENV4 WHO reference
KY586936	ncbi_serotype	denv4 # denv4 from GenBank record and sequence aligns closest to KR011349 DENV4 WHO reference
KY586937	ncbi_serotype	denv4 # denv4 from GenBank record and sequence aligns closest to KR011349 DENV4 WHO reference
KY586941	ncbi_serotype	denv4 # denv4 from GenBank record and sequence aligns closest to KR011349 DENV4 WHO reference
KY586942	ncbi_serotype	denv4 # denv4 from GenBank record and sequence aligns closest to KR011349 DENV4 WHO reference
KY586943	ncbi_serotype	denv4 # denv4 from GenBank record and sequence aligns closest to KR011349 DENV4 WHO reference
KY586944	ncbi_serotype	denv4 # denv4 from GenBank record and sequence aligns closest to KR011349 DENV4 WHO reference
KY586945	ncbi_serotype	denv4 # denv4 from GenBank record and sequence aligns closest to KR011349 DENV4 WHO reference
KY586946	ncbi_serotype	denv4 # denv4 from GenBank record and sequence aligns closest to KR011349 DENV4 WHO reference
KY977454	ncbi_serotype	denv2 # denv2 from GenBank record and sequence aligns closest to KM204118 DENV2 WHO reference
MG599592	ncbi_serotype	denv2 # denv2 from GenBank record and sequence aligns closest to KM204118 DENV2 WHO reference
MG599593	ncbi_serotype	denv2 # denv2 from GenBank record and sequence aligns closest to KM204118 DENV2 WHO reference
MG599594	ncbi_serotype	denv2 # denv2 from GenBank record and sequence aligns closest to KM204118 DENV2 WHO reference
MG599595	ncbi_serotype	denv2 # denv2 from GenBank record and sequence aligns closest to KM204118 DENV2 WHO reference
MG599596	ncbi_serotype	denv2 # denv2 from GenBank record and sequence aligns closest to KM204118 DENV2 WHO reference
MG599597	ncbi_serotype	denv2 # denv2 from GenBank record and sequence aligns closest to KM204118 DENV2 WHO reference
MG599598	ncbi_serotype	denv2 # denv2 from GenBank record and sequence aligns closest to KM204118 DENV2 WHO reference
MG599599	ncbi_serotype	denv2 # denv2 from GenBank record and sequence aligns closest to KM204118 DENV2 WHO reference
MG599600	ncbi_serotype	denv2 # denv2 from GenBank record and sequence aligns closest to KM204118 DENV2 WHO reference
MG599601	ncbi_serotype	denv2 # denv2 from GenBank record and sequence aligns closest to KM204118 DENV2 WHO reference
MG599602	ncbi_serotype	denv2 # denv2 from GenBank record and sequence aligns closest to KM204118 DENV2 WHO reference
MG599603	ncbi_serotype	denv2 # denv2 from GenBank record and sequence aligns closest to KM204118 DENV2 WHO reference
MG599604	ncbi_serotype	denv2 # denv2 from GenBank record and sequence aligns closest to KM204118 DENV2 WHO reference
MG599605	ncbi_serotype	denv2 # denv2 from GenBank record and sequence aligns closest to KM204118 DENV2 WHO reference
MG599606	ncbi_serotype	denv2 # denv2 from GenBank record and sequence aligns closest to KM204118 DENV2 WHO reference
MG599607	ncbi_serotype	denv2 # denv2 from GenBank record and sequence aligns closest to KM204118 DENV2 WHO reference
MG599608	ncbi_serotype	denv2 # denv2 from GenBank record and sequence aligns closest to KM204118 DENV2 WHO reference
MG599609	ncbi_serotype	denv2 # denv2 from GenBank record and sequence aligns closest to KM204118 DENV2 WHO reference
MG599610	ncbi_serotype	denv2 # denv2 from GenBank record and sequence aligns closest to KM204118 DENV2 WHO reference
MG599611	ncbi_serotype	denv2 # denv2 from GenBank record and sequence aligns closest to KM204118 DENV2 WHO reference
MG599612	ncbi_serotype	denv2 # denv2 from GenBank record and sequence aligns closest to KM204118 DENV2 WHO reference
MG599613	ncbi_serotype	denv2 # denv2 from GenBank record and sequence aligns closest to KM204118 DENV2 WHO reference
MG599614	ncbi_serotype	denv2 # denv2 from GenBank record and sequence aligns closest to KM204118 DENV2 WHO reference
MG599615	ncbi_serotype	denv2 # denv2 from GenBank record and sequence aligns closest to KM204118 DENV2 WHO reference
MG599616	ncbi_serotype	denv2 # denv2 from GenBank record and sequence aligns closest to KM204118 DENV2 WHO reference
MG599617	ncbi_serotype	denv2 # denv2 from GenBank record and sequence aligns closest to KM204118 DENV2 WHO reference
MG599618	ncbi_serotype	denv2 # denv2 from GenBank record and sequence aligns closest to KM204118 DENV2 WHO reference
MG599619	ncbi_serotype	denv2 # denv2 from GenBank record and sequence aligns closest to KM204118 DENV2 WHO reference
MG599620	ncbi_serotype	denv2 # denv2 from GenBank record and sequence aligns closest to KM204118 DENV2 WHO reference
MG599621	ncbi_serotype	denv2 # denv2 from GenBank record and sequence aligns closest to KM204118 DENV2 WHO reference
MG599622	ncbi_serotype	denv2 # denv2 from GenBank record and sequence aligns closest to KM204118 DENV2 WHO reference
MG599623	ncbi_serotype	denv2 # denv2 from GenBank record and sequence aligns closest to KM204118 DENV2 WHO reference
MG599624	ncbi_serotype	denv2 # denv2 from GenBank record and sequence aligns closest to KM204118 DENV2 WHO reference
MG599625	ncbi_serotype	denv2 # denv2 from GenBank record and sequence aligns closest to KM204118 DENV2 WHO reference
MG599626	ncbi_serotype	denv2 # denv2 from GenBank record and sequence aligns closest to KM204118 DENV2 WHO reference
MG599627	ncbi_serotype	denv2 # denv2 from GenBank record and sequence aligns closest to KM204118 DENV2 WHO reference
MG599628	ncbi_serotype	denv2 # denv2 from GenBank record and sequence aligns closest to KM204118 DENV2 WHO reference
MG599629	ncbi_serotype	denv2 # denv2 from GenBank record and sequence aligns closest to KM204118 DENV2 WHO reference
MG599630	ncbi_serotype	denv2 # denv2 from GenBank record and sequence aligns closest to KM204118 DENV2 WHO reference
MG599631	ncbi_serotype	denv2 # denv2 from GenBank record and sequence aligns closest to KM204118 DENV2 WHO reference
MG599632	ncbi_serotype	denv2 # denv2 from GenBank record and sequence aligns closest to KM204118 DENV2 WHO reference
MG599633	ncbi_serotype	denv2 # denv2 from GenBank record and sequence aligns closest to KM204118 DENV2 WHO reference
MG599634	ncbi_serotype	denv2 # denv2 from GenBank record and sequence aligns closest to KM204118 DENV2 WHO reference
MH450295	ncbi_serotype	denv2 # denv2 from GenBank record and sequence aligns closest to KM204118 DENV2 WHO reference
MH450296	ncbi_serotype	denv3 # denv3 from GenBank record and sequence aligns closest to KU050695 DENV3 WHO reference
MH450297	ncbi_serotype	denv1 # denv1 from GenBank record and sequence aligns closest to KM204119 DENV1 WHO reference
MH450298	ncbi_serotype	denv3 # denv3 from GenBank record and sequence aligns closest to KU050695 DENV3 WHO reference
MH450299	ncbi_serotype	denv3 # denv3 from GenBank record and sequence aligns closest to KU050695 DENV3 WHO reference
MH450300	ncbi_serotype	denv2 # denv2 from GenBank record and sequence aligns closest to KM204118 DENV2 WHO reference
MH450301	ncbi_serotype	denv1 # denv1 from GenBank record and sequence aligns closest to KM204119 DENV1 WHO reference
MH450302	ncbi_serotype	denv2 # denv2 from GenBank record and sequence aligns closest to KM204118 DENV2 WHO reference
MH450303	ncbi_serotype	denv1 # denv1 from GenBank record and sequence aligns closest to KM204119 DENV1 WHO reference
MH450304	ncbi_serotype	denv1 # denv1 from GenBank record and sequence aligns closest to KM204119 DENV1 WHO reference
MH450305	ncbi_serotype	denv4 # denv4 from GenBank record and sequence aligns closest to KR011349 DENV4 WHO reference
MH450306	ncbi_serotype	denv1 # denv1 from GenBank record and sequence aligns closest to KM204119 DENV1 WHO reference
MH450307	ncbi_serotype	denv4 # denv4 from GenBank record and sequence aligns closest to KR011349 DENV4 WHO reference
MH450308	ncbi_serotype	denv4 # denv4 from GenBank record and sequence aligns closest to KR011349 DENV4 WHO reference
MH450309	ncbi_serotype	denv4 # denv4 from GenBank record and sequence aligns closest to KR011349 DENV4 WHO reference
MH450310	ncbi_serotype	denv2 # denv2 from GenBank record and sequence aligns closest to KM204118 DENV2 WHO reference
MH450311	ncbi_serotype	denv3 # denv3 from GenBank record and sequence aligns closest to KU050695 DENV3 WHO reference
MN567692	ncbi_serotype	denv1 # denv1 from GenBank record and sequence aligns closest to KM204119 DENV1 WHO reference
MN567693	ncbi_serotype	denv1 # denv1 from GenBank record and sequence aligns closest to KM204119 DENV1 WHO reference
MN567694	ncbi_serotype	denv1 # denv1 from GenBank record and sequence aligns closest to KM204119 DENV1 WHO reference
MN567695	ncbi_serotype	denv1 # denv1 from GenBank record and sequence aligns closest to KM204119 DENV1 WHO reference
MN567696	ncbi_serotype	denv1 # denv1 from GenBank record and sequence aligns closest to KM204119 DENV1 WHO reference
MN567697	ncbi_serotype	denv1 # denv1 from GenBank record and sequence aligns closest to KM204119 DENV1 WHO reference
KF907503	ncbi_serotype	denv4 # denv4 from GenBank record and sequence aligns closest to KR011349 DENV4 WHO reference
KT026308	ncbi_serotype	denv4 # denv4 from GenBank record and sequence aligns closest to KR011349 DENV4 WHO reference
KT026310	ncbi_serotype	denv4 # denv4 from GenBank record and sequence aligns closest to KR011349 DENV4 WHO reference
KX059018	ncbi_serotype	denv4 # denv4 from GenBank record and sequence aligns closest to KR011349 DENV4 WHO reference
KX059020	ncbi_serotype	denv4 # denv4 from GenBank record and sequence aligns closest to KR011349 DENV4 WHO reference
KX059023	ncbi_serotype	denv4 # denv4 from GenBank record and sequence aligns closest to KR011349 DENV4 WHO reference
KX059026	ncbi_serotype	denv4 # denv4 from GenBank record and sequence aligns closest to KR011349 DENV4 WHO reference
KX059027	ncbi_serotype	denv4 # denv4 from GenBank record and sequence aligns closest to KR011349 DENV4 WHO reference
KX059031	ncbi_serotype	denv4 # denv4 from GenBank record and sequence aligns closest to KR011349 DENV4 WHO reference
KX059032	ncbi_serotype	denv4 # denv4 from GenBank record and sequence aligns closest to KR011349 DENV4 WHO reference
KX059034	ncbi_serotype	denv4 # denv4 from GenBank record and sequence aligns closest to KR011349 DENV4 WHO reference
KX059035	ncbi_serotype	denv4 # denv4 from GenBank record and sequence aligns closest to KR011349 DENV4 WHO reference
KX059036	ncbi_serotype	denv4 # denv4 from GenBank record and sequence aligns closest to KR011349 DENV4 WHO reference
KX812530	ncbi_serotype	denv4 # denv4 from GenBank record and sequence aligns closest to KR011349 DENV4 WHO reference
KY586827	ncbi_serotype	denv4 # denv4 from GenBank record and sequence aligns closest to KR011349 DENV4 WHO reference
KY586828	ncbi_serotype	denv4 # denv4 from GenBank record and sequence aligns closest to KR011349 DENV4 WHO reference
KY586829	ncbi_serotype	denv4 # denv4 from GenBank record and sequence aligns closest to KR011349 DENV4 WHO reference
KY586830	ncbi_serotype	denv4 # denv4 from GenBank record and sequence aligns closest to KR011349 DENV4 WHO reference
KY586831	ncbi_serotype	denv4 # denv4 from GenBank record and sequence aligns closest to KR011349 DENV4 WHO reference
KY586832	ncbi_serotype	denv4 # denv4 from GenBank record and sequence aligns closest to KR011349 DENV4 WHO reference
KY586833	ncbi_serotype	denv4 # denv4 from GenBank record and sequence aligns closest to KR011349 DENV4 WHO reference
KY586834	ncbi_serotype	denv4 # denv4 from GenBank record and sequence aligns closest to KR011349 DENV4 WHO reference
KY586835	ncbi_serotype	denv4 # denv4 from GenBank record and sequence aligns closest to KR011349 DENV4 WHO reference
KY586836	ncbi_serotype	denv4 # denv4 from GenBank record and sequence aligns closest to KR011349 DENV4 WHO reference
KY586837	ncbi_serotype	denv4 # denv4 from GenBank record and sequence aligns closest to KR011349 DENV4 WHO reference
KY586838	ncbi_serotype	denv4 # denv4 from GenBank record and sequence aligns closest to KR011349 DENV4 WHO reference
KY586839	ncbi_serotype	denv4 # denv4 from GenBank record and sequence aligns closest to KR011349 DENV4 WHO reference
KY586898	ncbi_serotype	denv4 # denv4 from GenBank record and sequence aligns closest to KR011349 DENV4 WHO reference
KY586903	ncbi_serotype	denv4 # denv4 from GenBank record and sequence aligns closest to KR011349 DENV4 WHO reference
KY586904	ncbi_serotype	denv4 # denv4 from GenBank record and sequence aligns closest to KR011349 DENV4 WHO reference
KY586908	ncbi_serotype	denv4 # denv4 from GenBank record and sequence aligns closest to KR011349 DENV4 WHO reference
KY586909	ncbi_serotype	denv4 # denv4 from GenBank record and sequence aligns closest to KR011349 DENV4 WHO reference
KY586910	ncbi_serotype	denv4 # denv4 from GenBank record and sequence aligns closest to KR011349 DENV4 WHO reference
KY586912	ncbi_serotype	denv4 # denv4 from GenBank record and sequence aligns closest to KR011349 DENV4 WHO reference
KY586914	ncbi_serotype	denv4 # denv4 from GenBank record and sequence aligns closest to KR011349 DENV4 WHO reference
KY586917	ncbi_serotype	denv4 # denv4 from GenBank record and sequence aligns closest to KR011349 DENV4 WHO reference
KY586918	ncbi_serotype	denv4 # denv4 from GenBank record and sequence aligns closest to KR011349 DENV4 WHO reference
KY586919	ncbi_serotype	denv4 # denv4 from GenBank record and sequence aligns closest to KR011349 DENV4 WHO reference
KY586922	ncbi_serotype	denv4 # denv4 from GenBank record and sequence aligns closest to KR011349 DENV4 WHO reference
KY586932	ncbi_serotype	denv4 # denv4 from GenBank record and sequence aligns closest to KR011349 DENV4 WHO reference
KY586935	ncbi_serotype	denv4 # denv4 from GenBank record and sequence aligns closest to KR011349 DENV4 WHO reference
KY586938	ncbi_serotype	denv4 # denv4 from GenBank record and sequence aligns closest to KR011349 DENV4 WHO reference
KY586939	ncbi_serotype	denv4 # denv4 from GenBank record and sequence aligns closest to KR011349 DENV4 WHO reference
KY586940	ncbi_serotype	denv4 # denv4 from GenBank record and sequence aligns closest to KR011349 DENV4 WHO reference
KP772252	ncbi_serotype	denv1 # denv1 from GenBank record and sequence aligns closest to KM204119 DENV1 WHO reference
KR052012	ncbi_serotype	denv1 # denv1 from GenBank record and sequence aligns closest to KM204119 DENV1 WHO reference
KR071622	ncbi_serotype	denv1 # denv1 from GenBank record and sequence aligns closest to KM204119 DENV1 WHO reference
KR919820	ncbi_serotype	denv1 # denv1 from GenBank record and sequence aligns closest to KM204119 DENV1 WHO reference
KR919821	ncbi_serotype	denv1 # denv1 from GenBank record and sequence aligns closest to KM204119 DENV1 WHO reference
ON127553	ncbi_serotype	denv3 # Annotated as denv1 but aligns closer to denv3
ON127551	ncbi_serotype	denv3 # Annotated as denv1 but aligns closer to denv3
ON127538	ncbi_serotype	denv3 # Annotated as denv1 but aligns closer to denv3
ON127534	ncbi_serotype	denv3 # Annotated as denv1 but aligns closer to denv3
ON127419	ncbi_serotype	denv3 # Annotated as denv1 but aligns closer to denv3
ON116130	ncbi_serotype	denv3 # Annotated as denv1 but aligns closer to denv3
ON115819	ncbi_serotype	denv3 # Annotated as denv1 but aligns closer to denv3
ON115817	ncbi_serotype	denv3 # Annotated as denv1 but aligns closer to denv3
ON115815	ncbi_serotype	denv3 # Annotated as denv1 but aligns closer to denv3
ON115812	ncbi_serotype	denv3 # Annotated as denv1 but aligns closer to denv3
ON115183	ncbi_serotype	denv3 # Annotated as denv1 but aligns closer to denv3
ON115030	ncbi_serotype	denv3 # Annotated as denv1 but aligns closer to denv3
ON115026	ncbi_serotype	denv3 # Annotated as denv1 but aligns closer to denv3
ON115024	ncbi_serotype	denv3 # Annotated as denv1 but aligns closer to denv3
ON115022	ncbi_serotype	denv3 # Annotated as denv1 but aligns closer to denv3
ON111446	ncbi_serotype	denv3 # Annotated as denv1 but aligns closer to denv3
ON103391	ncbi_serotype	denv3 # Annotated as denv1 but aligns closer to denv3
ON103303	ncbi_serotype	denv3 # Annotated as denv1 but aligns closer to denv3
OK079104	ncbi_serotype	denv3 # Annotated as denv1 but aligns closer to denv3
ON046278	ncbi_serotype	denv2 # Annotated as denv1 but aligns closer to denv2
ON046277	ncbi_serotype	denv2 # Annotated as denv1 but aligns closer to denv2
ON046276	ncbi_serotype	denv2 # Annotated as denv1 but aligns closer to denv2
ON046275	ncbi_serotype	denv2 # Annotated as denv1 but aligns closer to denv2
ON046274	ncbi_serotype	denv2 # Annotated as denv1 but aligns closer to denv2
ON046273	ncbi_serotype	denv2 # Annotated as denv1 but aligns closer to denv2
ON046272	ncbi_serotype	denv2 # Annotated as denv1 but aligns closer to denv2
ON046271	ncbi_serotype	denv2 # Annotated as denv1 but aligns closer to denv2
ON046270	ncbi_serotype	denv2 # Annotated as denv1 but aligns closer to denv2
ON046269	ncbi_serotype	denv2 # Annotated as denv1 but aligns closer to denv2
ON046268	ncbi_serotype	denv2 # Annotated as denv1 but aligns closer to denv2
ON045733	ncbi_serotype	denv4 # Annotated as denv1 but aligns closer to denv4
